Tue Apr 07 17:18:25 CEST 2015;kelly_kaulfers;;Lol,the,mess,you're,stuck
Tue Apr 07 17:18:25 CEST 2015;Buyoiscool;SD, Cali ‚õµÔ∏è MNL, Phils;@Bforbee,LOL,Yeah,tell,spray,the,whole,got,damn,kitchen,Speaking,freakin,saw,one,otw,the,üò≠üò∑
Tue Apr 07 17:18:25 CEST 2015;SHAWNHINDRIIX;THE ROYAL SOUTH;LOL,WTF,https://t.co/elZuHAHVbl
Tue Apr 07 17:18:25 CEST 2015;dapaaHRP;pekanbaru.RIAU;jauh,jauh,kebun,orang,cuma,nyari,cacing,buat,mancing,üòÑ‚úå,*mancingkeributan,selfie,lol‚Ä¶,https://t.co/tykEluuyDt
Tue Apr 07 17:18:25 CEST 2015;thelittlezender;TX;@kaitlynkirby13,but,the,same,time,timely,manner,lol
Tue Apr 07 17:18:25 CEST 2015;auji__;;@_annniyah_,üëèüëèüëè,that's,good,lol,you,gone,spending,bout,90,000,school,total,but,it's,worth
Tue Apr 07 17:18:25 CEST 2015;bStacks__;Honolulu, HI‚ù§;@Chadaleece,swear,and,armanie,stayed,trouble,southwest,freshman,year,lol,smh
Tue Apr 07 17:18:24 CEST 2015;chenhugs;http://goo.gl/ELsJ2i;@CrissAn,lol,idek,but,they,seem,pressed,that,idgaf,and,would,rather,stay,room
Tue Apr 07 17:18:24 CEST 2015;Jenanigans_;Go Hamm Or Go Home‚úä;@Tianababbby,lol,know
Tue Apr 07 17:18:24 CEST 2015;Dillish_lishy;Windhoek Namibia;@MjayDaBoss,@Dillish_lishy,Any,good,make,artist,Zambia,Pls,holler,how,gona,pay,since,claim,Broke,Lol,aww‚Ä¶
Tue Apr 07 17:18:24 CEST 2015;Shiraaaa____;;Lol,Okay,üòòüëå
Tue Apr 07 17:18:24 CEST 2015;mitaa_xo;‚ô°‚ô°‚ô°;don't,often,dream,but,when,it's,some,weird,ass,shit,lol
Tue Apr 07 17:18:24 CEST 2015;crazyncool_;;The,misconception,that,had,love,was,crazy,lol
Tue Apr 07 17:18:24 CEST 2015;royaleariana;louise and therese (‚ó°‚Äø‚ó°‚úø);@aluminumhs,lol
Tue Apr 07 17:18:24 CEST 2015;mambosa_fixe;;@alovtfads,@mambosa_fixe,olha,lol
Tue Apr 07 17:18:24 CEST 2015;PattyDs50;NH USA;@TheFlying_Camel,@tedcruz,slam,Twitter,LOL
Tue Apr 07 17:18:24 CEST 2015;hannah_logan10;Jacksonville, Alabama;Lol,the,fact,I've,been,done,with,math,class,since,weeks,before,spring,break,and,professor,just,now,telling,this...üò†
Tue Apr 07 17:18:24 CEST 2015;XtraXtraLex;The Cultured Ratchet.;‚Äú@Imma_TREnd,@XtraXtraLex,@afrophysicist_,well,gotta,work,with,what,got,nobody,having,vanilla,extract,lol‚Äù,üòÇüòÇüòÇ
Tue Apr 07 17:18:24 CEST 2015;sarah_1994_;Wolverhampton;@jnnfrmnt,@TWDftTMR,yes,love,love,love,and,vote,vote,vote,lol,VoteThomasMTV
Tue Apr 07 17:18:24 CEST 2015;MishaBenz2000;;@Michael5SOS,casual,game,FIFA,with,@harry_styles,Lol,http://t.co/rNvUn4kFGr
Tue Apr 07 17:18:24 CEST 2015;KymLang;;@PeteRenzulli,I've,been,known,that,the,grocery,store,well,lol
Tue Apr 07 17:18:24 CEST 2015;MuGzyMcFLy;In Your Dreams;@itstrishbitchh_,Ooo,nah,that's,crazy,had,that,last,night,lol,Blueberry,Yours,just,looks,better,üò≥üòÖ
Tue Apr 07 17:18:24 CEST 2015;Bdog99993;USA;John,McCain,announced,plan's,run,for,sixth,Senate,term,has,not,decided,which,party,though,lol
Tue Apr 07 17:18:24 CEST 2015;hockey_wench;would rather be playing hockey;Nailed,(sorta),lol,Roofing,off,180¬∞,spin,backhand,shot,https://t.co/Xv3nPdDc5m
Tue Apr 07 17:18:24 CEST 2015;_Chickenflies;;@katylim0909,lol,again,sigh,why,you,wna,keep,talking,arent,you,bored,alr
Tue Apr 07 17:18:24 CEST 2015;virtualmarc92;Germany;@xpac,LOL,Warum,keinen,Sinn,macht,mit,dem,First,Level,reden,http://t.co/OuYogrQG9m
Tue Apr 07 17:18:24 CEST 2015;Sinatra7Trees;Californiacatin in Atl;@Juls____,it's,usually,condom,lol
Tue Apr 07 17:18:24 CEST 2015;ImurkedGoliath;;@naomi_lemo,LOL,Wassup
Tue Apr 07 17:18:24 CEST 2015;OhSnap_itsFlap;NC State;Lol,https://t.co/IXAuqSBJLj
Tue Apr 07 17:18:23 CEST 2015;_maddypeterson;10.27.14;annoyed,lol
Tue Apr 07 17:18:23 CEST 2015;harrrypttr;Omaha;LOL,Recreating,Celeb,Photos,Instagram,http://t.co/cgzbT9EnXH,http://t.co/O8pOHq4x14
Tue Apr 07 17:18:23 CEST 2015;camzftmalik;;but,does,Alfredo,knows,that,dinah,underage,lol
Tue Apr 07 17:18:23 CEST 2015;YourVIXEN_;;@cphillx,Lol,shut,broke,ass
Tue Apr 07 17:18:23 CEST 2015;KSmoov90;Somewhere laughing at you!;Jesus,give,the,strength,lol
Tue Apr 07 17:18:23 CEST 2015;samisabeeeeeel;best family ever ‚ù§Ô∏è;@MaruPlanilla,@samisabeeeeeel,@JanineBustillo,@dizzlinglouaf,nga,kasi,NASA,twitter,natatamad,ako,mag,lol,hahahahaha,üòÇüòÇ
Tue Apr 07 17:18:23 CEST 2015;_Young_King7;;@iTorrian,lol,bruh,like,why,though,Couldn't,neither,one,them,fight
Tue Apr 07 17:18:23 CEST 2015;bella_wellla;Court&Zsa.over.you‚òîÔ∏è;@_PapiJets_,lol,all,yall,get,litty,for,and,stay,safe,PCB
Tue Apr 07 17:18:23 CEST 2015;MrHup_Houston;California;Lol,http://t.co/NoqDZ8O9OT
Tue Apr 07 17:18:23 CEST 2015;cheetos_4life;;@Pangaa21,been,school,lol
Tue Apr 07 17:18:23 CEST 2015;ben_br0wn5;Memphis ‚úà Bettendorf ‚úà M'Boro;@Darrion08King,@TJHoeft14,@jkeith2230,lol,this,has,escalated,Everybody,just,calm,down,Duke,Won,Wisconsin,Lost,need,for,any,fights
Tue Apr 07 17:18:23 CEST 2015;mvjxstic;;@prettyarrineeee,Lol,Girl,It's,Been,YEARS,Since,Talked
Tue Apr 07 17:18:23 CEST 2015;LexesFineAss;memphis,tn;@Standown_P,lol,swear,The,talm,bout,cause,face,getting,fat,It's,just,hair,style
Tue Apr 07 17:18:23 CEST 2015;Anything4MyCat;;@forget_my_name,What,got,deal,with,lol,has,been,trying,wake,since,3am,tired,lol,cat‚Ä¶,https://t.co/wgk3u0mN79
Tue Apr 07 17:18:23 CEST 2015;YimekaBaloyi;Berea;@326Thwii,@ConnyMikateko,@quintonizer,@Munghana@Ohsoxolani#Tatana,Gabriel,Mugabe,ava,chava,@Deborah,Patta,kuze,nga,kotanga,kufika,Lol
Tue Apr 07 17:18:23 CEST 2015;leena_dajani;;@TrentSabastian,@BenJacob_1,lol..still,nothing..seems,lost,his,manual,JSIL
Tue Apr 07 17:18:23 CEST 2015;blackriches;;Where,they,tho,Lol,just,point,the,right,direction
Tue Apr 07 17:18:23 CEST 2015;WisikAdelina;;@BTS_twt,njyahahaha,lol
Tue Apr 07 17:18:23 CEST 2015;thekenziebirch;Chattanooga, TN;Lol,shanda,likes,basketball
Tue Apr 07 17:18:23 CEST 2015;sammy_thepoet;17  |6'2|  D(M)V  #BSU19;@lilguwopp_,try,you'll,amazed,lol
Tue Apr 07 17:18:23 CEST 2015;dreamschaseme11;;@_marrick,lol,but,he's,great,though,got,that,team,there
Tue Apr 07 17:18:23 CEST 2015;JasminesHeere;Fuck Boy, TX;@YeaBoi_Mike,I'll,fight,you,Chunk,chancla,your,throat,Don't,Lol
Tue Apr 07 17:18:23 CEST 2015;AintChuKiaBoo;;Serenity,named,her,baby,doll,mykia,all,she,loves,lol
Tue Apr 07 17:18:23 CEST 2015;Tebogo_Luther;Midrand,Johannesburg:Gauteng;She,has,guy,friends,u@LeboKola,lol,don't,trust,anything,@iamDJRhee,@dlala_ngeringas,Baya,nyonyoba,awuthi,lol
Tue Apr 07 17:18:23 CEST 2015;_Kenniiii;;@KColeworldSalas,Senior,ditch,day,4/20,lol
Tue Apr 07 17:18:23 CEST 2015;misssjuicyyy;;@jacq0123,lol,this,why,you,can't,leave,ever),I'll,miss,sleeping,with,you
Tue Apr 07 17:18:23 CEST 2015;_infinitao;;@eternally_b,3Ï£ºÎÖÑÏù¥Îã§,Ï∂ïÌïòÌï©ÎãàÎã§~~,Ï∂ïÌïòÌï©ÎãàÎã§~~,ÏóëÏÜåÏùò,3Ï£ºÎÖÑÏùÑ,Ï∂ïÌïòÌï©ÎãàÎã§!!!!üéÇüéÅüéâüéä,chanyeol,literally,singing,the,congratulation,song,lol
Tue Apr 07 17:18:23 CEST 2015;Ashlyn_Lauren5;;@rileyemmy,lol,already,follow,her
Tue Apr 07 17:18:23 CEST 2015;shawneice_;;@GeezLouise_,hate,sundress,wedgies,lol
Tue Apr 07 17:18:23 CEST 2015;LastOfDaReal94_;;@LadiesLuvvKellz,lol,what
Tue Apr 07 17:18:23 CEST 2015;YorkFuller;;nikitka_lol,–ê–õ–û,–≠–¢–û,–ü–ò–¶–¶–ê????)))
Tue Apr 07 17:18:22 CEST 2015;KITForeverKing;Ohio;@KiTGweedo,Fatal8,this,weekend,and,yes,I'm,bias,lol,boy,@KITForeverKing,gonna,hand,out,some,ass,whippings,and,good,luck,@TONY‚Ä¶
Tue Apr 07 17:18:22 CEST 2015;_brilliante_;;@meangirlnene_,lol,yess,yess
Tue Apr 07 17:18:22 CEST 2015;CIERRAJGARCIA;azalean;@BabyDoll_120,lol,what's
Tue Apr 07 17:18:22 CEST 2015;uncondtionarryx;1D & SWS;@megstienzx,@uncondtionarryx,lol,April,excited,but,you're,absent,for,sure,and,michie,and,other,friends,lmao,going,mang
Tue Apr 07 17:18:22 CEST 2015;Javierluiss_;;lied,I'm,about,shower,now,lol
Tue Apr 07 17:18:22 CEST 2015;Shaad_J;LA sleepin World traveling.;@UbiquityNLOVE,lmaoo,always,the,one,charge,lol,boss,are,never,smarter,than,which,why,need,work,for,myself
Tue Apr 07 17:18:22 CEST 2015;KevinKnightNJ;;@ScrubbyPunk,@KeepItFiveStar,@BustedOpenRadio,lol,That's,perfect,@WrestlingIWF
Tue Apr 07 17:18:22 CEST 2015;sica_boship;looking for jessica :(;@SOLUTlONS,where,this,from,chuckled,bit,the,last,item,was,expecting,able,read,the,name,lol
Tue Apr 07 17:18:22 CEST 2015;GeorgeDeanJnr;Blackpool;Think,I've,lost,necklace,lol
Tue Apr 07 17:18:22 CEST 2015;pinakfp29;;@ShoyukoTakirin,its,like,Aiba,love,with,Jun,but,Sho,wants,Aiba,Nino,and,Ohno,trying,stop,Sho,LOL,http://t.co/Cy4ECD2hCP
Tue Apr 07 17:18:22 CEST 2015;rebel_2019;;@kelliearmitage,school,sucks,can,home,yet,lol
Tue Apr 07 17:18:22 CEST 2015;almighty__isis;Under The Electric Sky;@MirandaRod93,lol,thank,you,thank,youüòå
Tue Apr 07 17:18:22 CEST 2015;CrobTCG;West$ide..;@Outcasted_,lol,idk
Tue Apr 07 17:18:22 CEST 2015;Brendy438;;@RichardDeLaGar4,@SilkenSoul,LOL,Too,funny
Tue Apr 07 17:18:22 CEST 2015;kelsinatorrrrr5;;@Giannabasilone,thanks,lol
Tue Apr 07 17:18:22 CEST 2015;muitonojo;Lisboa;Postiga,t√≠pico,LOL
Tue Apr 07 17:18:22 CEST 2015;SouthBendScott;219;@RJDUB81,lol
Tue Apr 07 17:18:22 CEST 2015;Phoenix_MK87;France, Limoges;@DevilSoso13,Lol,j'ai,jamais,fait,parti,GUN,j'ai,Skype,depuis,ans,C'est,quoi,bordel
Tue Apr 07 17:18:22 CEST 2015;Hannah_Solanohh;Texas;@Adrianna_thugg,just,want,snapchat,know,Idgaf,about,what,going,la,it's,been,full,weekend,take,off,already,Lol
Tue Apr 07 17:18:22 CEST 2015;prettylilyella_;;@_NoFilter_,thanks,Lol
Tue Apr 07 17:18:22 CEST 2015;_imsocrown;434‚úà757;@zydejak,@_imsocrown,lol,hmu,when,you,otwüòò
Tue Apr 07 17:18:22 CEST 2015;Jess_InAction;D(M)V Óå®--- ‚úàATL;Need,new,iPhone,have,storage,lol
Tue Apr 07 17:18:22 CEST 2015;_DreamCatching_;Con L√° Familia;@NonchalantPimp,you,spend,10-17k,watch,you,don't,own,car,home,judging,you,idc,lol
Tue Apr 07 17:18:22 CEST 2015;raynesmguerra;screwstontx;@_WhenToGlo,@raynesmguerra,lol,that's,really,forced,update,früòí
Tue Apr 07 17:18:22 CEST 2015;kyliemvrie;;@Leon1Melisa,Lol,hate,when,people,assume,things
Tue Apr 07 17:18:21 CEST 2015;Slytherin_Creep;;@Alystiel_,@FaZe_Osama,You're,sad,excuse,troll,and,sadder,excuse,human,you,can,only,resort,fag,jokes,and,mocking
Tue Apr 07 17:18:21 CEST 2015;Juliaaaaaas11;SATX;@theg00nies,lol
Tue Apr 07 17:18:21 CEST 2015;danaedelion;PH;@Real_Liam_Payne,What's,this,daddy,thing,recently,Lol
Tue Apr 07 17:18:21 CEST 2015;lol_XI_X3;;@bunny_0510,Ë∂ÖÈ£ü„Åπ„Åü„ÅÑÂ£≤„Å£„Å¶„Çã„Åã„Å™
Tue Apr 07 17:18:21 CEST 2015;5SecsOf_Devonne;Beacon Hills (Italy lol);@lukeisavampire,Cita,rispondi,Nonna,Nanna,Avete,vita,sociale,lol,una,che,üôàüòÇ
Tue Apr 07 17:18:21 CEST 2015;dmarie_JME;los anderson, SC;@ArmstrongMondre,the,13th,Monday,which,sucks,lol
Tue Apr 07 17:18:21 CEST 2015;amir_ahhh;with your pappy;really,woke,7am,wrote,poem,then,went,right,back,sleep,lol,was,spirit,had,write,down
Tue Apr 07 17:18:21 CEST 2015;KirbzGuy;center stage;@_zainacamay_,wanna,home,lol
Tue Apr 07 17:18:21 CEST 2015;Griselda13527;;Lol,need,start,waking,the,morning,not,the,afternoonüòÅüòî
Tue Apr 07 17:18:21 CEST 2015;vegangymmie;Veganville;@AmyTerry_,LOL,You,can,@nickterryMRO
Tue Apr 07 17:18:21 CEST 2015;ddotssor;Ontario,Canada;Seeing,woman,struggle,lifting,boxes,her,coworker,stares,her,Ass,lol,ygk,thingsisee
Tue Apr 07 17:18:21 CEST 2015;ItsTreyFlowers;Greensboro, NC;Grey,pink,lol,https://t.co/ZTKgj6Dcfq
Tue Apr 07 17:18:21 CEST 2015;UzotheMc;√úT: 32.9081054,-96.888954;@Kaypling,lol,set,them,Free,Obama,this,naija,Fire,burns,faster,here,more,reason,pure,sand,much,quicker
Tue Apr 07 17:18:21 CEST 2015;iiPalz;;@miss_t_rious,@miss_giller,yeaa,obvio,Sidniel,Rock,lol,yea,he's,part,Criminal,Minds,don't,watch,that,show,tho
Tue Apr 07 17:18:21 CEST 2015;betxy2307;Bacoor, Calabarzon;@JuliElmo_101,Lol
Tue Apr 07 17:18:19 CEST 2015;SamPre_Evil;;@Sydn3yAlizab3th,LOL,I'm,kidding,Obviously,know,that
Tue Apr 07 17:18:19 CEST 2015;sushmitas_;ditching_____? idk either.;@006211_,lol,Kai,fans,impression,too,daebak,LMAO
Tue Apr 07 17:18:19 CEST 2015;TasteofBwazi;Norway;@stabbinnans,not,with,his,attitude,lol,can,you,tell,why,exactly,deleted
Tue Apr 07 17:18:18 CEST 2015;CordovaSaidSo;Dino;@IE_SMOKE,lol,can,match,one,tho
Tue Apr 07 17:18:18 CEST 2015;EzEmartinezEzE;From CHI livin in ATL;@RealSkipBayless,spankin,Wale,LoL,FirstTake
Tue Apr 07 17:18:18 CEST 2015;orozconaysa;;@PinkyDink_,catfish,only,post,pictures,when,hairs,done,and,have,makeup,LOL
Tue Apr 07 17:18:18 CEST 2015;Roe_IsArtUnique;The Capitol Of The Nation;@jae200522,didn't,find,you,You,found,Lol,That's,why,said,was,surprised
Tue Apr 07 17:18:18 CEST 2015;VNewsCD;Click Below To Learn More;VQuotesCD,First,Thought,These,Were,Normal,then?‚Ä¶,http://t.co/bUqZHPZ0hL,LOL,Facts,tcot,http://t.co/MUGs8Iwt3B
Tue Apr 07 17:18:18 CEST 2015;WarariJK;In The Danger Zone;@Its_Jaymo,LOL,Someone,stop,these,people~~~.>,http://t.co/sv0hsvi17D
Tue Apr 07 17:18:18 CEST 2015;Aakbar84;Lahore;LOL,bhai,faisla,kar,lay,MukMukka,PPP,sath,hey,PMLN,PTIWantsPeaceNotWarInYemen,http://t.co/9AdGzUl54N
Tue Apr 07 17:18:18 CEST 2015;taytertottts;Houston,Tx;@Que_Wayne,You,just,tryna,make,mad,bro,lol,I'm,fuggin,with,this,foolishness...I,kno,lol,https://t.co/QsdGHJsv9v
Tue Apr 07 17:18:18 CEST 2015;ky_moorexxo;Appalachian State;@KK_Brake,@Luiyyy_17,@ky_moorexxo,lol,love,yall
Tue Apr 07 17:18:18 CEST 2015;callhervickiee;;@TAEgoCRAZY_,@callhervickiee,lol,you,want,ticket
Tue Apr 07 17:18:18 CEST 2015;byeolletproofgs;Philippines;@jeniffergero,out,ako,mag-aaral,Haha,Miss,lol,good,night
Tue Apr 07 17:18:18 CEST 2015;UniverseSailor;;Antoine,killing,bruh,it's,too,early,for,all,this,ignorance,lol
Tue Apr 07 17:18:18 CEST 2015;VinnyJ_smoov;Chips pond;@cornfield15,that's,cold,Lol
Tue Apr 07 17:18:18 CEST 2015;Martika_jean;California;like,how,Jessie,doesn't,let,sleep,fall,asleep,early,Lol
Tue Apr 07 17:18:18 CEST 2015;rachealmarie23;Lima, Ohio;Morghan,grabbed,the,remote,and,turned,the,almost,all,the,way,and,started,SCREAMING,Poor,baby,lol
Tue Apr 07 17:18:18 CEST 2015;4nthony_;;Twitter,always,has,the,worst,updates,lol
Tue Apr 07 17:18:18 CEST 2015;Vinnstr;CT;@royalastern,@LucidAurego,phone,autocorrects,fudge,fudge,because,it's,fav,word,fam,lol
Tue Apr 07 17:18:18 CEST 2015;piizzzzzzzzzza;;pentatonix,coming,lol
Tue Apr 07 17:18:18 CEST 2015;monutamang;Raichur;@JigsNews,haha,Yeah,sure,was,looking,for,epilogue,since,long,time,Lol
Tue Apr 07 17:18:18 CEST 2015;ygjeikei;;Cie,ditag,menfess,Lol,@.menfesster,@.namjarz,jeri,jan,deket,sma,@ygjeikei,cemburu:(,fr:uknow
Tue Apr 07 17:18:18 CEST 2015;LegitTBA;;@GammaGamers,haha,LoL
Tue Apr 07 17:18:18 CEST 2015;LauraUribeCosta;de aqu√≠ para all√°;@Reydemareo,@irenejunquera,creo,que,equivocao,era,Pedroche,molesta,saber,escrito,queda,lol
Tue Apr 07 17:18:18 CEST 2015;Stasia_Hood;NEW YORK;@PromPics,Lol,she's,cute,üíôüíéüíò,prom2k15,http://t.co/R9d2rdOtFY
Tue Apr 07 17:18:18 CEST 2015;66laddaboy_newt;;@13_CJR,@lil_kristian,@_SlobOnMyRob,@BucketBoyMir,lolol,yall,crazy,yall,wanna,see,new,one?lol,I'm,not,laughing,more
Tue Apr 07 17:18:18 CEST 2015;xlitgy_;;@G2FLY_,remember,when,said,Solange,was,bad,but,they,laughed......lol,http://t.co/PKkEZHCwP7
Tue Apr 07 17:18:18 CEST 2015;ewelina_PR;London;@FBGeorgiew,@BensonHenderson,LOL
Tue Apr 07 17:18:18 CEST 2015;kissMyPINKlipz_;Detroit ‚úà Houston #PVNATION;need,around,ppl,that,can,just,call,like,let's,fly,here,next,weekend,lol,yall,gotta,LIVE,man
Tue Apr 07 17:18:18 CEST 2015;D__AW;;@TaheerHawkins,lol
Tue Apr 07 17:18:18 CEST 2015;TuckingFypoz;Lake Nona;@krystalllleigh,wish,you,were,funny,you,think,you,are,lol
Tue Apr 07 17:18:18 CEST 2015;TsubeeU;New York;@alyxandyr,reminder,make,time,and,keep,working,tracks,besides,other,100,tasks,have,life,lol
Tue Apr 07 17:18:18 CEST 2015;AnthonyAbides;;@brandonmcg,Lol,guys,how,weird,that,those,stooopid,Americans,think,prayer,might,appropriate,politics,https://t.co/CctN6Ggema
Tue Apr 07 17:18:17 CEST 2015;_jmkk;;@_A_mber,lol,thanks,honey
Tue Apr 07 17:18:17 CEST 2015;edmundomarinsan;;@mezagirl_isabel,lol,jejeje,adios
Tue Apr 07 17:18:17 CEST 2015;annmcdaniels;Earthling;@MichaelEaly,@TheFollowingFOX,I'm,calling,NOW,don't,trust,Mrs.Theo,lol,She's,little,too,perfect,like,Theo
Tue Apr 07 17:18:17 CEST 2015;terminusmgc;vine: jarpad edits;@chubsmuke,school,lol
Tue Apr 07 17:18:17 CEST 2015;LaquannPatrico;south;@JiggyBitch_,Lol,underwear,with,maxi,Limits,the,jiggle
Tue Apr 07 17:18:17 CEST 2015;Justnitchi;66+ TH;@LuBammie,Bambam,said,they,shower,together,Lol
Tue Apr 07 17:18:17 CEST 2015;LuSmoothNFG;Wit Da Crew Y.N.I.C #NFG 1/8;@ZelZilla_5,@Curt_Dawg8,who,you,lol
Tue Apr 07 17:18:17 CEST 2015;Cody_Sze95;Round Rock, Tx;@dianaaaa_g,I'm,about,just,use,one,lol
Tue Apr 07 17:18:17 CEST 2015;KaylaJameil;;@SoyBonitaaa,shut,lol
Tue Apr 07 17:18:17 CEST 2015;KheristopherG;;@Emanems_,will,find,you,lol
Tue Apr 07 17:18:17 CEST 2015;Txsleuth;Texas;@FlagGazer,agree,with,you,I'm,sure,misspoke,but,the,Fox,anchor,didn't,even,question,him,the,number,people,attending,lol
Tue Apr 07 17:18:17 CEST 2015;ASimison15;;caption,needed,for,her,lol,bestfriend,https://t.co/YZopGqdONa
Tue Apr 07 17:18:17 CEST 2015;Alexx_McArthur;Scotland;@BoringOleFart,@blinkclyro,Big,deep,breaths,calm,blue,ocean,and,all,that,jazz,lol
Tue Apr 07 17:18:17 CEST 2015;JudusMaximus;Beast Coast;@POison_ivey_,lol,maybe,but,we'll,never,know,now
Tue Apr 07 17:18:17 CEST 2015;space_lyte;memes wOW;just,finished,crying,over,fanfiction,lol,kinda,feel,like,dying
Tue Apr 07 17:18:17 CEST 2015;Stevie_TheKid;;@bedheaad,lol,sure
Tue Apr 07 17:18:17 CEST 2015;Mylknhoney2;;@ChiefSheik,Lol,feel,that,face,was,little,much
Tue Apr 07 17:18:17 CEST 2015;ShannelleKate;‚úñNeverland St‚úñ;@SnowHalud,Wish,could,scream,all,the,pain,away,lol
Tue Apr 07 17:18:17 CEST 2015;bchade_12;;Been,retweeting,and,favoriting,everything,Lemme,chill,lol
Tue Apr 07 17:18:17 CEST 2015;_xwanderlust;goose creek, sc.;childish,ass,niggas,lol,funny
Tue Apr 07 17:18:17 CEST 2015;TAYlORSH3A;;love,James,waves,lol
Tue Apr 07 17:18:17 CEST 2015;hruben717;;@youngprizzzy,lol,wtf
Tue Apr 07 17:18:17 CEST 2015;ShadesLaysLow;Miami/Florida State University;@Kristen_Pry,thats,problem,too,lol
Tue Apr 07 17:18:16 CEST 2015;Macks_A_Million;No Results Found;talk,shit,oomf,all,the,time,lol
Tue Apr 07 17:18:16 CEST 2015;deandre276;N 41¬∞6' 0'' / W 80¬∞38' 0'';I've,increased,net,worth,like,crazy,this,year,Few,more,months,can,probably,won't,lol
Tue Apr 07 17:18:16 CEST 2015;deleante_;Duelist Kingdom;@KingKThom,lol,who,guy
Tue Apr 07 17:18:16 CEST 2015;MOCHAAH;NAKURU;@Otuambala,Lol,Mocha,@MOCHAAH,Naona,Strangers,wanaitana,Boo,pale.Mmoja,ako,Saudi,Arabia,mwingine,ako,Juja...Mtaachania,kwa
Tue Apr 07 17:18:16 CEST 2015;JuReyabLe;Dauntless HQ;@peterdmtorres,Lol,Torres
Tue Apr 07 17:18:16 CEST 2015;xahlingg;Singapore;@marIboros,billion,ppl,the,world,think,need,lol,nah
Tue Apr 07 17:18:16 CEST 2015;theykallme_ac;;@BrotherofYeezus,@GhettoAmerika,@Mr_Rosewood,@Dawitty1,post,when,whipped,yall,ass,the,tourney,lol
Tue Apr 07 17:18:16 CEST 2015;priceyygaming;UK;@tjsullivan_,lol,http://t.co/wwMWc1dKqd
Tue Apr 07 17:18:16 CEST 2015;a_marie_allison;#amandaqndshawn5ever;@Laurennknapp,Amanda,literally,creeping,Twitter,while,she's,sitting,right,next,lol,http://t.co/sc8ndmoyzy
Tue Apr 07 17:18:16 CEST 2015;MsT_Baybee;Such a Jersey Girl :-);@Ceezy_Taught_U,üòÇüòÇDeadass,That,would,clutch,Lol,but,nah,What,you,see,what,you,get,with,don't,hide,nada,kno,flawsüíÅ
Tue Apr 07 17:18:16 CEST 2015;AustinthaIntern;Louisville, Kentucky;@ESPNStatsInfo,James,Harden,leads,Russell,Westbrook,0.02,PPG,http://t.co/jS6r1OESb6,see,2/5,are,players,lol,BBN
Tue Apr 07 17:18:16 CEST 2015;HarikaAshfaq;;@ihusnainfarooq,lil,Bro,bought,Bachi,home,today,presence,Parents,Lol
Tue Apr 07 17:18:16 CEST 2015;Reginald_Hardy;;@_E610,used,get,the,number,all,the,time,youngin,lol
Tue Apr 07 17:18:16 CEST 2015;mchnrydlvg;MNL;Alam,naiinggit,ako,sayo,kase,sayo,madaming,nag,kakagusto,Parang,wala,naman,lol,http://t.co/WcfDIiSz9W
Tue Apr 07 17:18:16 CEST 2015;Sinch420;Michigan;@MommyTime365,@knotgenie,What,the,80's,were,rad,love,aquanet,lol,badhairday
Tue Apr 07 17:18:16 CEST 2015;jayreaux_;Louisiana;@XtraNicee,lol,didn't,know
Tue Apr 07 17:18:16 CEST 2015;Jaramalik08;paris, france;Lol,aasa,lang,jan,haha
Tue Apr 07 17:18:16 CEST 2015;patriotaunt;Snook&Jaylin‚ù§Ô∏è;@Pretty_NESHA__,lol,yes,oküòò
Tue Apr 07 17:18:16 CEST 2015;MiriamRdzz;H.Matamoros,Tamps;@scooterbraun,loved,this,guy,Favorite,moment,the,game,for,Legend,Lol,https://t.co/yVlWVGxtBY
Tue Apr 07 17:18:16 CEST 2015;otumi_gay_boy;ÈõÄËçò346;@lol_ike,„Åó„Åæ„Åó„Çá„ÅÜ
Tue Apr 07 17:18:16 CEST 2015;MrCWilliamsTNT;San Diego;‚Äú@VivaLaLunaaa,lips,are,dry,lol)-:‚Äùlike,always,üò≠üòí
Tue Apr 07 17:18:16 CEST 2015;iamsharinamariz;;@LYKHEEPatootie,@iMGFabraaa,@joysfestin_,wahahaha,Ayyy,nekeeeer,Wag,ganern,Mabait,hahaha,ndi,nainom,lol
Tue Apr 07 17:18:16 CEST 2015;sting_raaaay;phILLy;annoying,lol
Tue Apr 07 17:18:16 CEST 2015;khamilya;Irvine, So Cal;@weyah,lol,the,first,thing,everyday,vote
Tue Apr 07 17:18:16 CEST 2015;_IyishaE;Anywhere You Aint;This,Nigga,@SDot500,Forever,The,Phone,Lol,üò©üòí
Tue Apr 07 17:18:16 CEST 2015;powhatannative;CO,NM,OK,VA,and in your dreams;@TouchMyTweets,@NaughtyHecker,lol,love,this,meme,üòÇüòÇüòÇ
Tue Apr 07 17:18:16 CEST 2015;SushiXMane;ATLANTA;@JohnyboyExpress,@ThatBoi_Edgar,yall,fucked,with,fast,though,Lol
Tue Apr 07 17:18:16 CEST 2015;CANTDEALDOTKOM;SAFEHOUSE;@So_New_York,lol
Tue Apr 07 17:18:16 CEST 2015;hendrixhosea;The Streetlights;@RealMozay,they,trade,for,Jay,cutler,and,the,Bears,get,him,lol
Tue Apr 07 17:18:15 CEST 2015;MathManMaster;@camillecutlerx;Have,hours,LOL
Tue Apr 07 17:18:15 CEST 2015;XinyiKrystal;;But,don't,seem,Idek,care,lol
Tue Apr 07 17:18:15 CEST 2015;mikeyy216;;@JustNatalie_,you,fuck,wit,all,lol
Tue Apr 07 17:18:15 CEST 2015;LKNDLA;x;pumped,for,Baguio,trip,lol
Tue Apr 07 17:18:15 CEST 2015;HelloHello_Ally;Indiana. Here, YouTube, Ask.fm, Wattpad, or playing CAH;Except,for,them,saying,Virgos,have,good,memory,have,selective,memory,okay,Lol
Tue Apr 07 17:18:15 CEST 2015;SushmitaIslam;;@gossipgirl,what,the,actual,fuck,lol
Tue Apr 07 17:18:15 CEST 2015;SeymoreCakkee_;978*;Where,this,happening,aint,shit,free,round,here,lol,https://t.co/KlNOuwsf5p
Tue Apr 07 17:18:15 CEST 2015;dcleg9;;@cha_pls,–û–Ω–∞,–¥—É–º–∞–µ—Ç,—á—Ç–æ,—Ä–∞–∑—Ä–µ—à—É,–≤–æ–π—Ç–∏,sister,sis,pashamikus,LOL,FUNNY,door,enter,Hashtag,likeit,lik,https://t.co/zCzk‚Ä¶
Tue Apr 07 17:18:15 CEST 2015;KelliPehrson;;When,you,have,friends,lol
Tue Apr 07 17:18:15 CEST 2015;22beautiful25;;Rodney,Trip,Wake,Playing,With,Them,Dinosaurs.lol
Tue Apr 07 17:18:15 CEST 2015;vaznadia;goa;Looks,like,I'm,having,Twitter,moment,this,tursday,Lol
Tue Apr 07 17:18:15 CEST 2015;lol_bicha;Springfield;conselhos,que,d√£o,s√£o,sempre,mesmos
Tue Apr 07 17:18:15 CEST 2015;HugolopezHugo;;Your,girl,keeps,staring,bro,lol
Tue Apr 07 17:18:15 CEST 2015;HoesWannaMARry;DRUG DEALER CALL ME SLIM;@406notfound,lol
Tue Apr 07 17:18:10 CEST 2015;Keamo_Leburu;Kagiso, Johannesburg;@Nthabisheng,tla,kgona,mara,@Jayy_Sayz,Wanrata,@Keamo_Leburu,Kopa,rataneng,please,tuU,LIFE,too,short,lOl,eya
Tue Apr 07 17:18:10 CEST 2015;sophieliudl;;Cookie,model,vintage,lol~,http://t.co/QdtINSNBPf
Tue Apr 07 17:18:10 CEST 2015;NonDrowsy;LoNDoN;@Molly_Jig,@Siidze,@VileiLUX,lol,has,this,guy,still,got,the,same,emblem,What,joke
Tue Apr 07 17:18:10 CEST 2015;PolitiBunny;Out West Somewhere;@drskv1990,Umm,not,sure,you'd,bad,mom,BUT,that's,probably,not,good,idea,lol
Tue Apr 07 17:18:10 CEST 2015;youngfilly7;;@ValeriaaBee,lol,exactly,and,are,yAll,coming,this,weekend
Tue Apr 07 17:18:10 CEST 2015;zydejak;;@_imsocrown,lol,hmu,when,you,otwüòò
Tue Apr 07 17:18:10 CEST 2015;Merry_Viking;;@OfficialBeardsy,Lol,Beardsy,BeardLife,Beard,Man,http://t.co/uOsRR1dvQy
Tue Apr 07 17:18:10 CEST 2015;goddessindira_;;@BigDre_,@goddessindira_,Thot,ass,lol,slut,ass
Tue Apr 07 17:18:10 CEST 2015;DelenaMyToxin_;‚ÄüAnd we won.‚Äù ‚ÄüYes...we did.‚Äù;@sexygodDamon,I'll,still,around,account,but,sure,ain't,gonna,watch,the,next,season,Lol
Tue Apr 07 17:18:10 CEST 2015;suji1411;;Lol,just,because,waved,and,smiled,and,actually,waved,back(coz,thought,was,someone,know),http://t.co/wf6OuCsHDS
Tue Apr 07 17:18:10 CEST 2015;Pr3tTiMom0;BROOKLYN;Still,gon,laugh,tho,lol,@_ROCK718,she,like,could,have,inch,dick,she,don't,care
Tue Apr 07 17:18:10 CEST 2015;shriver_caitlin;;Lol,screwww,youu
Tue Apr 07 17:18:10 CEST 2015;verrod14;;@LyssJames10,apply,HEB,Lol
Tue Apr 07 17:18:10 CEST 2015;_SkyCity_;Rack City;@K_RocknRage,well,Katie,Look,the,teams,like,(Reds,Bengals,Wizards,football,and,basketball),that's,why,need,basketball,lol
Tue Apr 07 17:18:10 CEST 2015;NurSabrinaAzran;;Aku,pakai,normal,outfit,Then,aku,masuk,bilik,itc,semua,mcm,happy,gila,nmpk,aku,Lol,hhhahhahaha
Tue Apr 07 17:18:10 CEST 2015;asstaticjen;bitch better have my money;BadChoiceFuneralSongs,Bring,Life,LOL
Tue Apr 07 17:18:10 CEST 2015;gee__adriana;;Got,class,sounding,like,just,ran,marathon,lol
Tue Apr 07 17:18:10 CEST 2015;lol_ok_lol;Cameron Dallas;@marybttt,Big,hair,big,dreams,http://t.co/KG0C5f6cRo
Tue Apr 07 17:18:10 CEST 2015;urfunnybone;;@MsFraggett,lol,saw,this,and,totally,made,think,you,lmao,üòÇüòÅüòÉüòÇüòä,http://t.co/7VEZv88d6K
Tue Apr 07 17:18:10 CEST 2015;ShinSyn;Chicago, IL. USA;@Frostybolty,Already,bookmarked,LOL
Tue Apr 07 17:18:10 CEST 2015;SojinsCute;South Cali;@Yazid_LH97,I'd,help,but,I'm,really,bad,that,kind,stuff,LOL
Tue Apr 07 17:18:10 CEST 2015;jetlaglrh;NJ;watch,him,notice,this,and,block,lol
Tue Apr 07 17:18:10 CEST 2015;James_R_Hanson;;@Snowy_Owl55,lol,I'm,seeing,the,summer,out,first
Tue Apr 07 17:18:10 CEST 2015;pissalina;;@Martinovoxo,apocooooooo,lol
Tue Apr 07 17:18:10 CEST 2015;O_Show_Tee_6;SJO;just,saw,Truth,Post,and,died,lol,how,that,still,thing
Tue Apr 07 17:18:10 CEST 2015;tvni_otoko;;But,then,don't,Lol,now,that,know,the,difference
Tue Apr 07 17:18:10 CEST 2015;GuiMello__;;lol
Tue Apr 07 17:18:10 CEST 2015;ATLFilmerGuy;Atlanta;lol,https://t.co/3OLC1dgomf
Tue Apr 07 17:18:10 CEST 2015;FukbeinSober;Piped up in Atlanta;Yall,come,Atlanta,and,our,clubs,like,its,some,kinda,museum,lol
Tue Apr 07 17:18:10 CEST 2015;klydii;Davao City;@Gakuseiness,gusto,ung,office,nila,Lahat,tarp,Lol
Tue Apr 07 17:18:10 CEST 2015;hammy_63;;@awkwardbowties,@hammy_63,buy,pizza,lol
Tue Apr 07 17:18:10 CEST 2015;llleeex;;@KidTrist,have,friends,Lol
Tue Apr 07 17:18:09 CEST 2015;lorlanna;MD;lol
Tue Apr 07 17:18:09 CEST 2015;Pretty_MILF;;@Bobby_Redeyez,lol,bad,dangggg,haha
Tue Apr 07 17:18:09 CEST 2015;sarai_tee;Malawi;@RKhoswe,those,things,are,dangerous...lol
Tue Apr 07 17:18:09 CEST 2015;katraffellini;;@angelaaaaamarie,LOL,the,new,snapchat,update,man,http://t.co/rEhzi0Jhax
Tue Apr 07 17:18:09 CEST 2015;AustinGriggs_3;Jet Life;@wix_collin,can,now,honestly,say,I've,seen,plane,crash,with,own,eyes,lol
Tue Apr 07 17:18:09 CEST 2015;DamnDeeTime2DTS;South West Jungle;Lol,but,sure,yall,dont,even,care,https://t.co/2YEUFX4hjf
Tue Apr 07 17:18:09 CEST 2015;carmel_dulce;;Lol
Tue Apr 07 17:18:09 CEST 2015;NellyABC123;;@PRIMELUXEZ,thanks,think,did,pretty,good,lol,maybe,the,60's,lol
Tue Apr 07 17:18:09 CEST 2015;KiriakoRegina;Regina, SK. CANADA;@scottwhitebread,@iA,lol,true,But,stripping,trade,down,its,very,basic,function,isn't,anything,write,home,about
Tue Apr 07 17:18:09 CEST 2015;MargaretY1234;UK;@960Sonia,@Zilfstar,Agreed,LOL,Horatio,anyway,think,lot,people,forget,that,point
Tue Apr 07 17:18:09 CEST 2015;flowerwolfer;Japan, 3rd Floor;Going,out,for,tomorrow,and,sleeping,lol
Tue Apr 07 17:18:09 CEST 2015;bferrflu;Rio de Janeiro;@MMAdamMartin,lol,and,thought,they,could,never,PPV,bad,177
Tue Apr 07 17:18:09 CEST 2015;daCasparLee;;@eWatson_HO,wkwk,lol,okeoke
Tue Apr 07 17:18:09 CEST 2015;pragaa_;;lol
Tue Apr 07 17:18:09 CEST 2015;LOL_comingsoon;;@xretardedgirl,http://t.co/kiAse2zBPn
Tue Apr 07 17:18:09 CEST 2015;dheanda_cp;;@southqoreans,the,reason,why,baekhyun,and,junmyeon,kissed,sehun,because,his,birthday,coming,soon,lol,(Ê≥∞ËãóÁôΩËãóÂ•ΩÂ§öËãóTXT)
Tue Apr 07 17:18:09 CEST 2015;lol_lolhh;;ÌÜ†ÎØ∏Ïù¥Í∏ÄÌÜ†ÎØ∏,Íµ¨Ìï©ÎãàÎã§,ÏûòÌï¥..Ï£ºÏßÑÏïäÏßÄÎßå,ÌíâÎãàÎã§,(ÌååÌã∞Î™®Ïßë)
Tue Apr 07 17:18:09 CEST 2015;avdrievidvya;;@SofieLleander,bat,excited,lol,just,askin
Tue Apr 07 17:18:09 CEST 2015;AllieLove_06;;@Yess_Dawdi,There's,lot,unbothered,females,out,here,lol,Imma,need,YALL,get,bothered,please
Tue Apr 07 17:18:09 CEST 2015;__DonPablo;;@__ToungeTooDeep,lol
Tue Apr 07 17:18:09 CEST 2015;ellurey;New Zealand;@mrbangver2,easy,enough,And,it'll,make,sure,you,keep,being,able,english,lol
Tue Apr 07 17:18:09 CEST 2015;KThupaatlase;;Lol,think,Oomf,may,like,alcohol,bit,too,much
Tue Apr 07 17:18:09 CEST 2015;1Lovee_GiAna;;@ChuloChronicles,Well,damn,lol
Tue Apr 07 17:18:09 CEST 2015;SophieWalraven;Amsterdam NRD;@ZijHiernaast,met,pret,lol
Tue Apr 07 17:18:09 CEST 2015;3KINGS_FLYA;;@STANTON_rd,dat,nigga,got,number,lol,wya,hml,man
Tue Apr 07 17:18:09 CEST 2015;umustlikewatu_c;In your snapchats: edubb2014;@Runnin_it,lol,*says,while,currently,texting,someone
Tue Apr 07 17:18:09 CEST 2015;soupville;NJ;@NickLinder,lol,only,won,36.75,mad,bums,win,knocked,out,third
Tue Apr 07 17:18:09 CEST 2015;M0NSTERAva;New York City;jam,means,it's,improv,fyi,Don't,too,hard,Lol,all,just,grab,instrument,and,fuck,around
Tue Apr 07 17:18:09 CEST 2015;tashareid2012;Dubai,Untied Arab E.;@rosaSPARKS____,Lol,swear,ppl,think,cus,you,don't,post,your,significant,other,all,over,social,media,yall,not,together,like,wtf
Tue Apr 07 17:18:09 CEST 2015;skylanreide;;Lol,http://t.co/3pY6rZ0N72
Tue Apr 07 17:18:09 CEST 2015;Exotic_Lovaaa;;@daisha_austinxo,lol,aweee,üíïüòã
Tue Apr 07 17:18:09 CEST 2015;____PRETTY;;@DaylayTwanae,thank,you,did,them,lol
Tue Apr 07 17:18:08 CEST 2015;annembee;England;@131fe15bacd64aa,@BrutusWatts,Chance,would,fine,thing,Keep,doing,the,lotto,think,lol,))))))
Tue Apr 07 17:18:08 CEST 2015;MemeGuy1;United States;How,Russian,falls,funny,russian,falls,humor,comedy,lol,http://t.co/Aq3Oc4KVFt,http://t.co/zYAkUsGUjp
Tue Apr 07 17:18:08 CEST 2015;Megamarines;Torrance, California;@ChatamGSmith,lol,that's,more,than,day,trip
Tue Apr 07 17:18:08 CEST 2015;Jesslibrock;;@KelliJacksonn,don't,remember,what,this,about,lol
Tue Apr 07 17:18:08 CEST 2015;rylee_ferruccio;;lol,didnt,take,long,figure,find,that,outüòÇüòÇ
Tue Apr 07 17:18:08 CEST 2015;jalelenxx;Ginebra World;@ChoLobapaps,mababalikan,Hanggang,tingin,nalang,lol,HAHA,Ûæå¥‚úåÔ∏èÛæÆñ‚ù§Ô∏è
Tue Apr 07 17:18:08 CEST 2015;4boys_in5sos;where food is;@Ashton5SOS,KFC,EMPLOYEE,lol,This,what,did,before,5sos,http://t.co/YY3YxkmKPB
Tue Apr 07 17:18:08 CEST 2015;MsIslabonita;California‚úà;@SamJovi23,it's,the,hot,dog,dance,work,for,the,kids,and,each,Disney,character,does,different,lol
Tue Apr 07 17:18:08 CEST 2015;BAMF_walker;Atlanta, Ga;@TheWalkingHumor,but,agree,It's,way,too,early,meter,going,off,the,charts,Lol
Tue Apr 07 17:18:08 CEST 2015;dngtchln;;WANT,HAHAHAH,LOL,https://t.co/1FT0GFK896
Tue Apr 07 17:18:08 CEST 2015;ibgd88_;;@LChaerinxx,terpesona,kali,sama,elu,lol
Tue Apr 07 17:18:08 CEST 2015;mbCARMAC;Cologne, Germany;@insomnaut,lol
Tue Apr 07 17:18:08 CEST 2015;SoulfulBrotha;Louisville, Kentucky;@NWAPcast,please,don't,can't,pay,your,severance,lol,@the3jsmom,going,get,fired,for,laughing,@NWAPcast,yall,are,hilar‚Ä¶
Tue Apr 07 17:18:08 CEST 2015;nirvaskians;;@James_Yammouni,Drama,5.28,the,morning,Lol,stuff,that,irrelevancy,I'm,going,sleep,Nighty,night,cuties,soon
Tue Apr 07 17:18:08 CEST 2015;ashlynnlow;;brought,CDs,school,could,still,listen,music,lol
Tue Apr 07 17:18:08 CEST 2015;lextaughtU;where the palm trees are.;@ThePeepPrincess,can't,stop,watching,this,lol,@DopeEthiopian,bitch,where,http://t.co/KRx85VolH1
Tue Apr 07 17:18:08 CEST 2015;Stormzy1;;‚Äú@shereganbarts,@Stormzy1,you,know,how,dead,snapchat,without,you,lol,seriousüö∂‚Äù,will,back,love
Tue Apr 07 17:18:08 CEST 2015;MalaJulianaxo;D[M]V;@RealMozay,you,supposed,learning,lol
Tue Apr 07 17:18:08 CEST 2015;bubbletaetae;;@wufanqins,lol,suho,said,calm,down,(in,english),kyungsoo
Tue Apr 07 17:18:08 CEST 2015;pervy_vans;;@Real_Liam_Payne,What's,this,daddy,thing,recently,Lol
Tue Apr 07 17:18:08 CEST 2015;T_GotTheJuice;Instagram: trillrebel_;Shit,crazy,lol
Tue Apr 07 17:18:08 CEST 2015;Shui_and_Kahlua;Pembroke Pines, Fl;@TyloWuff,@Winter_Skywere,lol
Tue Apr 07 17:18:08 CEST 2015;audsldn;;can't,come,out,sandals,you're,foot,back,doing,crinkum,lol,i'll,give,that,rock,ting,for,heel,back
Tue Apr 07 17:18:08 CEST 2015;Princess_Arllet;;@nvxxle,didnt,even,try,today,lol
Tue Apr 07 17:18:08 CEST 2015;trampede;{m u s e} deathbyexit@gmail;Jetlag,lol,We're,coming,Missouri,http://t.co/diss48pPcx
Tue Apr 07 17:18:08 CEST 2015;_KaylaKayla_;;LOL,üòÖüò§
Tue Apr 07 17:18:08 CEST 2015;F_EazyDJ;Durban;Gimme,Pin,@uLedge_lo,Don't,talk,like,that,there,F_DJ,Lol,Dude,Please,Dont,(cont),http://t.co/DQSf8h60Ze
Tue Apr 07 17:18:08 CEST 2015;EkmanCarola;;@c2casiple,@EkmanCarola,I've,gotten,couple,love,you's,from,randoms,too,always,pray,that,they're,not,the,violent,kind,stalker
Tue Apr 07 17:18:08 CEST 2015;_NadiaAnn143;@spensaab;@sec_TL4,many,snapchat,stories,lol,ain't,even,sorry
Tue Apr 07 17:18:08 CEST 2015;fayerodil_;@judicajulao's;but,irs,cute,lol
Tue Apr 07 17:18:08 CEST 2015;NikiaGasparx;;@taty2014,@NikiaGasparx,I'm,like,2012,favorite,wait,what,lol,btw,you,look,great,girl
Tue Apr 07 17:18:07 CEST 2015;blacky_baaby;;@EazyyyyyE_,lol,ikr,come,when,ready
Tue Apr 07 17:18:07 CEST 2015;oj7y0zl9w8;;all,these,accounts,lol,@jalenmcmillanus,Jalen,McMillan
Tue Apr 07 17:18:07 CEST 2015;Vovotrom;Cape town;Lol,this,Pizza,R100,üòÇüòÇüòÇ#BBMzansi
Tue Apr 07 17:18:07 CEST 2015;Britt_SOFancy;;Lol,Got,The,Best,Cousin,Ever...üíØ,@_CutieBitch
Tue Apr 07 17:18:07 CEST 2015;SourceSyndicate;Los Angeles;@kronos251,@SoniaKdg,cool,feel,like,missing,out,lol
Tue Apr 07 17:18:05 CEST 2015;JerseyJeo;Grand Prairie-Mansfield, TX;Oomf,wouldn't,want,tho,guess,can,only,dream,lol
Tue Apr 07 17:18:05 CEST 2015;Lexxy_Butler;;lol,this,why,not,friends,https://t.co/1sGBvp8LJ1
Tue Apr 07 17:18:05 CEST 2015;kittehkutz;;@Tina_E_L_F,@MrNowon203,someone,should,write,one,lol
Tue Apr 07 17:18:05 CEST 2015;Xanhey;;@soyawn,it's,after,2:30,the,call,dirty,bootycall,lol,2bg
Tue Apr 07 17:18:05 CEST 2015;psycholunatic_;Entrapped into my own world;@lukeisavampire,Cita,rispondi,Nonna,Nanna,Avete,vita,sociale,lol,relativamente
Tue Apr 07 17:18:05 CEST 2015;ZooNupe_18;Dallas;@Simply_Shamaria,lol,well,didn't,know,about,probate,until,this,morning,need,time,find,üòÇüòÇ
Tue Apr 07 17:18:05 CEST 2015;ashley_pityou;;when,you're,still,tired,late,start,lol
Tue Apr 07 17:18:04 CEST 2015;Patriot4LessGov;;@bartmckinley,You,can,see,disdain,for,left,here..lol,Mission,Mars,the,Leftist,One,https://t.co/OdB4g2153H
Tue Apr 07 17:18:04 CEST 2015;_hollywood_3;;@tre_conley4,lol,feel,might,have,get,that,check,https://t.co/alGbRQwtrC
Tue Apr 07 17:18:04 CEST 2015;rian_finley94;;@BradenShull20,@Hchilders22,y'all,are,the,pussies,that,like,that,song,lol
Tue Apr 07 17:18:04 CEST 2015;ijolaf;New York;AFRO,PUNK,BRC,Both,LOL,ENRGYZRBunny,http://t.co/1YksPZc9bX
Tue Apr 07 17:18:04 CEST 2015;Lex__TheGreat_;Lost in the Music, AR‚úàÔ∏è;@_KingMesha,Gucci,got,all,this,music,and,locked,lol,nigga,was,prepared
Tue Apr 07 17:18:04 CEST 2015;Dynagirl99;Manchester, England;@DynamiteSaumya,@Mar_26years,yeah,still,got,lol
Tue Apr 07 17:18:04 CEST 2015;blurrynourry;;Just,blocked,mom,here,that,bitch,found,Twitter,then,told,stop,tweeting,about,dad,LOL
Tue Apr 07 17:18:04 CEST 2015;DeeDunDidIt_;IG: desticl3s;@dayy__z,arms,are,soreeeeeeee,lol
Tue Apr 07 17:18:04 CEST 2015;charlesssvega;;Ang,LOL,awa,sge,pagbigyan,wahahaha,sino,http://t.co/9SiRu2MWkD
Tue Apr 07 17:18:04 CEST 2015;iamharryswifey;just right in front of you;@meeeeeeeeeeyyy,haha,umaga,panoorin,lol,ganyan,ginawa,namin,the,conjuring,lol
Tue Apr 07 17:18:04 CEST 2015;RockinGramma47;‚ù§‚ù§‚ù§  Canada  ‚ù§‚ù§‚ù§;@WynonnaMusic,Not,everyone,like,wear,shoes,lol,http://t.co/AnCXRdZ3KB
Tue Apr 07 17:18:04 CEST 2015;neverdebuts;TaeUps ‚Ä¢ WUAN ‚Ä¢ CHAERAUps;Lol,Are,you,sending,hates,yourself,Hahahaha,nope,it's,already,almost,1amkst,still,dropping,dumb,statemen,http://t.co/zSnlr0mrOp
Tue Apr 07 17:18:04 CEST 2015;_Dream_Villian;Oblivion;@amberthekidd_,nah,11PM,girl,lol,won't,make,the,probate,niggas,got,work
Tue Apr 07 17:18:04 CEST 2015;PrestonKnight;Robinson, Tx;@abri_loves_youu,work,this,afternoon,lol
Tue Apr 07 17:18:04 CEST 2015;mo1ramarc;;@jhowiebels,miss,din,personal,matter,lol
Tue Apr 07 17:18:04 CEST 2015;kristinaxreyes;caraMEL;@_krisandraFTW,one,cares,lol,üòÇbeng,beng,stupid
Tue Apr 07 17:18:04 CEST 2015;AnyWayDoeSmh;‚ù§Ô∏è;Can't,wait,until,it's,really,sundress,season,squat,booty,about,prospering,lol
Tue Apr 07 17:18:04 CEST 2015;KPLivesToDance;Weastside of Dance Land;@KaylaVeggies,@KPLivesToDance,we're,honestly,like,the,same,person,lol
Tue Apr 07 17:18:04 CEST 2015;tk_myi_381;Japan;@YuyaThaiFanClub,What,doing,T-MAX,KOUDAI,lol,YUYA,KOUDAI,TMAX,danzen_live,http://t.co/JxaY5iNNFW
Tue Apr 07 17:18:04 CEST 2015;steezyl_;;@chief_gazzy,when,was,talking,shit,lol
Tue Apr 07 17:18:04 CEST 2015;ItsEarlypearly;Glitter Haven | Trinidad;@Candyy20,Most,people,should,know,that,would,lol
Tue Apr 07 17:18:04 CEST 2015;Legendary_clock;Braamfontein Johannesburg, RSA;@crazy_major,Aaiiich,Hall,Famer,@FootballAccoun3,Sir,Lincoln"@Legendary_clock,The,banter,when,Bobby,signed,Lincoln,Svasiya,LOL‚Ä¶
Tue Apr 07 17:18:04 CEST 2015;CorzBaller;Welcome To Reality ‚úåÔ∏è;@JoseHeadley,lol,what,you,speeding,ped
Tue Apr 07 17:18:04 CEST 2015;badpiratemonkey;;@SundayHamster,LOL,sure,hopz,human,will,wake,piratehunt
Tue Apr 07 17:18:04 CEST 2015;BASKETBALLAHO;;@NNseo_Whipping,[‡πÅ‡∏õ‡∏•],‡∏ß‡∏¥‡∏ò‡∏µ‡∏™‡∏±‡∏á‡πÄ‡∏Å‡∏ï‡πÑ‡∏≠‡∏î‡∏≠‡∏•‡∏ó‡∏µ‡πà‡πÄ‡∏Ç‡πâ‡∏≤‡∏Ç‡πà‡∏≤‡∏¢‡∏ß‡πà‡∏≤‡∏Å‡∏≥‡∏•‡∏±‡∏á‡πÄ‡∏î‡∏ó‡∏≠‡∏¢‡∏π‡πà,TÌôà@,instiz,(http://t.co/3P5wS4kw8N),http://t.co/o1i0JiY91D
Tue Apr 07 17:18:04 CEST 2015;Famousss_Amos;East Carolina University;Back,the,day,liked,your,pics,for,S/O,and,didn't,get,S/O,you,better,believe,took,likes,back,lol,AintJuggingMe,üòÇüòÇüòÇ
Tue Apr 07 17:18:04 CEST 2015;Daveshatamia;Lousiana ‚úàÔ∏èFort Worth;Really,wanna,try,the,Boba,talks,about,but,after,that,boba,Cali,lol
Tue Apr 07 17:18:04 CEST 2015;Andy_Sam4780;;@jackiecuddles,busy,mi-ko,kaka-promote,bossing,movie,may,memo,yata,lahat,dapat,manood,lol,WeMissKimXiOnPrimetime
Tue Apr 07 17:18:04 CEST 2015;_NguyenD;Tampa, FL;@annarrsss,vegetarian,taco,lol
Tue Apr 07 17:18:03 CEST 2015;BossMade_Taffy;EastAtlantaButOnaNawf;@YourAddictionn_,why,did,you,lie,sayin,calling,you,etc,etc,You,not,hurt,saying,that,lol,you,hurting,him
Tue Apr 07 17:18:03 CEST 2015;loricdesign;Georgia, USA and Virginia, USA;lol,http://t.co/KOTE97LXIF
Tue Apr 07 17:18:03 CEST 2015;bzieg10;Martinsburg;Why,this,even,recorded,stat,lol,https://t.co/s89xJymMz1
Tue Apr 07 17:18:03 CEST 2015;L3fty1214;;Acting,fool,with,daddys/padrinos,hats,These,girls,are,too,much,lol,But,love,them,both,to‚Ä¶,https://t.co/pONLDStx1L
Tue Apr 07 17:18:03 CEST 2015;kassidireynolds;;@its_corynn,Netflix,lol
Tue Apr 07 17:18:03 CEST 2015;Mankiller23;valdosta GA,USA;@Neo781,never,want,play,with,lol
Tue Apr 07 17:18:03 CEST 2015;Flowerlover157;;@STYLATORARMY,you,don't,know,don't,want,put,your,address,just,put,fake,one,down,lol,https://t.co/uwzt0v1gyl
Tue Apr 07 17:18:03 CEST 2015;kaymac_;3-24-15;Everything,supposed,cool,with,that,situation,Lol
Tue Apr 07 17:18:03 CEST 2015;CAPTAINMUKE;3/4 || 18;@CAPTAINMUKE,this,lol
Tue Apr 07 17:18:03 CEST 2015;Dom3mini;;want,bad,lol
Tue Apr 07 17:18:03 CEST 2015;MarqelleH;Austin Texas;@KingJames,Had,dream,hairline,was,back,Woke,and,went,bathroom,turned,light,slowly,Same,story,Damn,Lol,wishfulthi‚Ä¶
Tue Apr 07 17:18:03 CEST 2015;rickybruce1;Tema;Lol,you,wanna,learn,from,his,Music,https://t.co/7UathwdYNV
Tue Apr 07 17:18:03 CEST 2015;JCreek96;;Fell,asleep,yesterday,and,I'm,just,getting,lol,hours,sleeep
Tue Apr 07 17:18:03 CEST 2015;TarzanTri;;@RanbirsgirlCP,LOL,TYPICALGURLS,used,twirl,once,upon,time,long,hair
Tue Apr 07 17:18:03 CEST 2015;MisterKzA;Montpellier Zoo;Genre,CSGO,LoL,les,pro,players,sont,grave,dessus,des,joueurs,casual,competitif
Tue Apr 07 17:18:03 CEST 2015;jinnydreams;Bournemouth;Are,you,sure,Lol,http://t.co/4z7Pc8G37C
Tue Apr 07 17:18:03 CEST 2015;carmen_geditt;Gotham City, NY;@KillersLie,@Turtle99,hearings,saw,she,had,stay,stripes,too,She,hates,that,Bring,the,cameras,lol
Tue Apr 07 17:18:03 CEST 2015;Chunkybunnyy;;@JiggyBitch_,Lol,underwear,with,maxi,Limits,the,jiggle
Tue Apr 07 17:18:02 CEST 2015;JulesticK;2 cuadras a la derecha;@KevinBreaux,Lol,Scarlett,Witch,Poor,Harry,makeminemarvel,marvel,comics,frankcho,http://t.co/LDUt8v1uGF
Tue Apr 07 17:18:02 CEST 2015;Bkhyn__;Malaysia;@lazyberns,lol,whut,3yearswithEXO,http://t.co/z7tiB6qMZd
Tue Apr 07 17:18:02 CEST 2015;Yandisa__;Middelburg;Lol,@SeanWaTsietsi,That,nose,üòÖüòÖüòÖüòÖüòÖ"@Yandisa__,That,babyüòÇüòÇüòÇüòÇüòÇüíî
Tue Apr 07 17:18:02 CEST 2015;Foxyfighter;USA;@ishakmami,@kj_fetishmodel,LOL....üëäüëäüëäüî™üî™üî™,http://t.co/xgJmnkVR5A
Tue Apr 07 17:18:02 CEST 2015;noah_evansrusso;seminole, fl;Girls,you,have,any,self,respect,don't,date,boys,their,teens,lol,especial,they're,popular
Tue Apr 07 17:18:02 CEST 2015;pasvaldellon5;6p;@regineejvr,lol
Tue Apr 07 17:18:02 CEST 2015;kindofaniceguy;;Lol,@Pham_tastic91,hate,talking,about,feelings,and,all,that,emotional,shit,I'd,rather,just,hoop,ballislife,üòÇüòÇüòÇ
Tue Apr 07 17:18:02 CEST 2015;_MadeInDuval2;904 ‚úàÔ∏è‚úàÔ∏è ???;@Merciful_Love,@_MadeInDuval2,That,means,nothing,coming,from,Gaytor,fan,lol,https://t.co/mUgRj5xklw
Tue Apr 07 17:18:02 CEST 2015;alexismorgan24;Paducah & Louisville, KY;@BriSaidSo,organic,chemistry,missed,the,fun,memo,lol
Tue Apr 07 17:18:02 CEST 2015;ShaythaG;;@BossupFoe,Lol,Twitter,will,have,you,lost,You,would,think,I'm,feelingsüòûüòíbut,really,just,don't,give,fuck.üò≠üò≠
Tue Apr 07 17:18:02 CEST 2015;Mikeantsal15;;@Josh_DeMarco,@Mikeantsal15,you,should,read,this,you'd,love,lol,https://t.co/LE5mpQkDWH
Tue Apr 07 17:18:02 CEST 2015;jassywright;Brighton, england;Can't,wait,run,first,@BrightonMarathn,this,Sunday,Excited,now,Maybe,bit,different,Sunday,Lol,üëäüëä
Tue Apr 07 17:18:02 CEST 2015;KingKThom;htx - Texas State;@deleante_,think,know,lol
Tue Apr 07 17:18:02 CEST 2015;eteanp;;@ogdrohoe,lmao,talkin,all,dat,jumpin,shit,lol,I'll,see,you,stop,mentioning,feel,like,you,just,dick,riding,the,point
Tue Apr 07 17:18:01 CEST 2015;mavurrag;eMpangeni/ Mseleni;Lol,but,you,have,time,for,twitter,@thandoafrika
Tue Apr 07 17:18:01 CEST 2015;BelleChocolat06;4rm Haiti ‚úàÔ∏è to Jersey;Lol,actually,like,https://t.co/HB2qnhrmXb
Tue Apr 07 17:18:01 CEST 2015;JillianMcLeod05;Ottawa ON;Spring,officially,here..my,cat,enjoying,the,outside,the,deck,for,the,1st,time,lol,http://t.co/y96uWEUiJH
Tue Apr 07 17:18:01 CEST 2015;jjparkchungjae;;@KaeunAS,udah,tau,punya,kapel,napa,masih,ngejar,aja,lol
Tue Apr 07 17:18:01 CEST 2015;creamoneq;;@b920930,[!!!!],‡∏´‡∏•‡∏±‡∏á‡∏Å‡∏≤‡∏£‡∏ó‡∏î‡∏•‡∏≠‡∏á‡πÄ‡∏≠‡∏≤‡πÑ‡∏Ç‡πà‡∏ï‡∏≠‡∏Å‡∏•‡∏á‡∏ö‡∏ô‡∏û‡∏∑‡πâ‡∏ô‡∏ñ‡∏ô‡∏ô,‡∏õ‡∏£‡∏∞‡∏°‡∏≤‡∏ì,‡∏ô‡∏≤‡∏ó‡∏µ,‡πÑ‡∏î‡πâ‡∏î‡∏±‡∏á‡∏ô‡∏µ‡πâ,‡∏™‡∏∏‡∏Å‡πÑ‡∏´‡∏°‡πÑ‡∏°‡πà‡∏£‡∏π‡πâ‡πÅ‡∏ï‡πà‡∏ó‡∏µ‡πà‡∏£‡∏π‡πâ‡πÜ‡∏Å‡∏¥‡∏ô‡πÑ‡∏°‡πà‡πÑ‡∏î‡πâ,lol,http://t.co/DGENrfkwPg
Tue Apr 07 17:18:01 CEST 2015;robrule1976;;@Biblicalreaper,reaper,after,night,scouring,the,net,for,intel,lol,http://t.co/omyf5V7IVL
Tue Apr 07 17:18:01 CEST 2015;gorgeousbritt_3;;Why,your,tweet,look,like,that,@silly_J_,Lol..girl,back,cool,now..the,auction,over,https://t.co/1YYZPuZkP3
Tue Apr 07 17:18:01 CEST 2015;aiimeeelyn;San Diego, CA.;@2MrRose4,sooner,than,you,think,lol
Tue Apr 07 17:18:01 CEST 2015;King__Cato;DMV;@bethanidxo,would,lol
Tue Apr 07 17:18:01 CEST 2015;Super_Hoody;Portadown, Northern Ireland;got,call,from,nanny,fix,her,phone,photocopy,few,pages,Turns,out,it's,family,tree,lol,Fuck,she,learn,get,that
Tue Apr 07 17:18:01 CEST 2015;AlexisChip_;London;@roslarr,you're,new,crush,just,thought,i'd,break,the,news,you,because,know,you,were,wondering,lol
Tue Apr 07 17:18:01 CEST 2015;asa2x;just chill;can't,call,jae,jailbait,more,lol
Tue Apr 07 17:18:01 CEST 2015;Wan_Ashman;;@WanAzraai,lol,yeah,hajahah
Tue Apr 07 17:18:01 CEST 2015;StevenA_;MD ‚úà NC;@D3NNY_13,what,can,get,phil,jack,lol
Tue Apr 07 17:18:01 CEST 2015;cumbaekhyuns;Kai's paperbag;@safeyourself,lol,why,omg
Tue Apr 07 17:18:01 CEST 2015;marshiumallow;rebell-VC-SI;@teentjoe,and,you,are,blaming,your,app?lol
Tue Apr 07 17:18:01 CEST 2015;angie_paniagua;;@AlejandraXLopez,üòÇüòÇüòÇ,see,lol
Tue Apr 07 17:18:01 CEST 2015;TreyLoveMyWings;Chicago;@x_Fayeeeee__,idek,look,rap,genius,lol
Tue Apr 07 17:18:01 CEST 2015;LoverYork;;@connoramanda7,@wahwhitney,Lavon,fine,too,but,just,super,hot,lol
Tue Apr 07 17:18:01 CEST 2015;Caitlynjmj;YOUTUBE AND FRIENDS LOVER !!!;@Joe_Sugg,@OliWhiteTV,lol
Tue Apr 07 17:18:01 CEST 2015;Nto4luxx;Pretoria / Mafikeng;Aoooo,bacon,eggs,Lol,must,lovely,@Nico_MoGwap
Tue Apr 07 17:18:01 CEST 2015;AceRedBand1t;;@Fant4stic63,know,lol,It's,just...I,see,why,most,lawyers,drink,now
Tue Apr 07 17:18:01 CEST 2015;Reynna_50;;Lol,girrlllll,you,only,knew,the,damage,could
Tue Apr 07 17:18:01 CEST 2015;luv_ClassyKiss;IG @luvclassykiss;Now,excited,for,any,given,tuesday,lol
Tue Apr 07 17:18:00 CEST 2015;papitavo13;JC|DHS;@_vchez,@papitavo13,that's,one,hell,goal,lol
Tue Apr 07 17:18:00 CEST 2015;youngprizzzy;TEXA$ ‚òÄÔ∏è;@hruben717,yes,lol,nothing's,there
Tue Apr 07 17:18:00 CEST 2015;josefagabileo;Philipines;@OhXianel,@pierrerosee,Maybe,this,summer,Lol,joke,Hahahaha,summer,class,pero,sure,kung,summer,Sad
Tue Apr 07 17:18:00 CEST 2015;BSPARCCAnwsers;Colorado;@MadelynV15,Took,the,best,nap,ever,durning,parcc,lol
Tue Apr 07 17:18:00 CEST 2015;LOL_Sujeong;@KPLESET_CLOSED;@darlckh,kenapa,gitu,Emangnya,gak,laper,Entar,tengah,malem,kelaperan,loh,Baguss,baguss,calon,imam,yang,baik
Tue Apr 07 17:18:00 CEST 2015;neex2__;;@ManOfYr,shut,lol
Tue Apr 07 17:18:00 CEST 2015;HeisDetermined;;@its_kingggi,mannnnn,lol
Tue Apr 07 17:18:00 CEST 2015;jgoldsberry713;Houston to San Marcos, Texas;@Krhodes305,@tyler_white_10,lol,truuu,DROP,LIKE,ITS,HOOOOOOTTTTT
Tue Apr 07 17:17:57 CEST 2015;JuicyJ89_;;@amandatgif,LOL,Not,gonna,lie,botox,scares,the,non,movement,foreheads,makes,feel,little,ill
Tue Apr 07 17:17:57 CEST 2015;MyPlaguedSoul;Sixx Feet Under & Ruling Hell;@fallenangel0605,sho,He'll,get,from,his,momma,Lol
Tue Apr 07 17:17:57 CEST 2015;yesLIVcan;Brooklyn/Chicago;@YolandaIsEnvied,@yesLIVcan,@DRICKISZN,lol..,@,one,the,t-shirt,slogans,that,like,because,True
Tue Apr 07 17:17:56 CEST 2015;adoreejennaa_;Lawndale,CA;@ErickKnight9,@its_kaaaat,too,lol
Tue Apr 07 17:17:56 CEST 2015;lol_0902;„ÅäÈÉ®Â±ã;ÂØù„Çà„ÅÜ„ÄÅ„Åä„ÇÑ„Åô„Åø„Å™„Åï„ÅÑ
Tue Apr 07 17:17:56 CEST 2015;jabo_rice;;lol,guys,thanks,for,the,greeting,19thspcltc,walkinthel19ht
Tue Apr 07 17:17:56 CEST 2015;AlllyCatzz;;Nick,comes,home,little,over,month,Better,start,working,out,LOL
Tue Apr 07 17:17:56 CEST 2015;Princess41463;Arizona;@HollyTessaFan31,lol,well,celebrating,for,you,then,I'm,chocolate,martini,girl,myself,where's,THAT,National,holiday
Tue Apr 07 17:17:56 CEST 2015;_roneshaa;;@DopedOnBeauty,lol,thank,you,Leslie,See,you,next,fall
Tue Apr 07 17:17:56 CEST 2015;_adh23_;‚ô£Ô∏èsomewhere in ya bitch dm‚ô†Ô∏è;Doing,what,lol,https://t.co/C1bCKcedqh
Tue Apr 07 17:17:56 CEST 2015;otaku_solstice;Philippines‚úà‚úàJapan;Consolation,Consolacion,LOL
Tue Apr 07 17:17:56 CEST 2015;Tra_Dayss;Northside, Ga ‚úàÔ∏è BHam;@BitchesLoveEbj,you,went,PCB,see,body,count,probably,1,0000000000,now,lol
Tue Apr 07 17:17:56 CEST 2015;VBualerd;;@NNseo_Whipping,[‡πÅ‡∏õ‡∏•],‡∏ß‡∏¥‡∏ò‡∏µ‡∏™‡∏±‡∏á‡πÄ‡∏Å‡∏ï‡πÑ‡∏≠‡∏î‡∏≠‡∏•‡∏ó‡∏µ‡πà‡πÄ‡∏Ç‡πâ‡∏≤‡∏Ç‡πà‡∏≤‡∏¢‡∏ß‡πà‡∏≤‡∏Å‡∏≥‡∏•‡∏±‡∏á‡πÄ‡∏î‡∏ó‡∏≠‡∏¢‡∏π‡πà,TÌôà@,instiz,(http://t.co/3P5wS4kw8N),http://t.co/o1i0JiY91D
Tue Apr 07 17:17:56 CEST 2015;Nthabisheng;1Petr1 1John1 Gala6 Rom8 Lam3;Lol,gone,are,the,days,@Eem_DoubleU,Hahahaha,@PGaL_Brown,When,think,used,crazy,when,see,guy,wearing,carvela,tho,smh
Tue Apr 07 17:17:56 CEST 2015;ReapsOg;16 UHC Wins;@ThePlatinumYosh,@ItsJustCrunchy,LOL,SHOULD,(Now,let,that,kid,that,wants,retweets),RETWEET,THIS,SHOULD,KILL,TEACHERS
Tue Apr 07 17:17:56 CEST 2015;pokhwang;* ‚àò‚ú¶ ot9 ot5 ot12 ‚ú¶‚àò *;@xxuelie,LOL,SEHUN'S,was,girl,wouldn't,want,date,Chanyeol
Tue Apr 07 17:17:56 CEST 2015;RizaCapopez;Philippines;@Gayle_Stylesx,rofl,Hahaha,lol!~,http://t.co/R9z3qfe30d
Tue Apr 07 17:17:56 CEST 2015;MyTestimony__;Reading , PA;can,loved,lol
Tue Apr 07 17:17:56 CEST 2015;Bhold226;IL;@rabergeronjr,can,only,pray,that,winter,finally,going,away,here,mother,nature,fickle,LOL,Glad,hear,all,good
Tue Apr 07 17:17:56 CEST 2015;TillyS_;London, England;@akulie,Lol,Vyvra≈ædit
Tue Apr 07 17:17:56 CEST 2015;RHARPER04;crawley;@SophieeNultyy,haha,yeah,did,wonder,guess,you,don't,want,work,this,afternoon,lol
Tue Apr 07 17:17:56 CEST 2015;justjulia37;Macon, Ga;@emmam_83,lol,someone,apparently,did,rain,dance,this,morning,üòÅ‚òî
Tue Apr 07 17:17:56 CEST 2015;rushilk;Dubai;@GrandPrixDiary,does,this,count,Lol,@f1elvis,I'm,just,nipping,out,for,Chinese...anyone,want,anything,http://t.co/iVwRHLDCDU
Tue Apr 07 17:17:56 CEST 2015;luvthose5girls;with 5h & justin;@dinahjane97,You,already,know,what,lowkey,wanted,with,that,cake,lol
Tue Apr 07 17:17:56 CEST 2015;MSantana___;;It's,funny,that,even,dogs,experience,jealousy,lol,dog,jealous,hag,But,love,her
Tue Apr 07 17:17:56 CEST 2015;x_oxox;;@LeJas_,you,sound,lol
Tue Apr 07 17:17:56 CEST 2015;__kvmxo;;@liamkayy,lol,date,http://t.co/lDpP2vZCWa
Tue Apr 07 17:17:56 CEST 2015;xela_A_;;@Marian_Ikehi,lol
Tue Apr 07 17:17:56 CEST 2015;alexialexialex;MNL, PHL;@heeydrii,baby,nig,bukas,ulit,lol,luvyu,http://t.co/LIHn8s6plq
Tue Apr 07 17:17:56 CEST 2015;cisforcarina;;Vou,perguntar,stor,hist√≥ria,como,que,suposto,planificar,estudo,livros,hist√≥ria,portugu√™s,lol,mesmo
Tue Apr 07 17:17:56 CEST 2015;Iam_Inerca;;lol
Tue Apr 07 17:17:56 CEST 2015;therealjhorne12;At the gym, CT/NC;@itsNicodawg,can,only,enjoy,this,weather,I'm,home,laid,bed,lol
Tue Apr 07 17:17:56 CEST 2015;JONJONEAGLESFAN;;good,morning,everyone,wit,sick,hairdo,and,pao,queijo,lol,morning,shedefwokeuplikethat‚Ä¶,https://t.co/bkkvJIPU8Z
Tue Apr 07 17:17:56 CEST 2015;junren624;ÍπÄÏ¢ÖÌôò;Ïä§Ìè¨Ï∏†Î∞∞ÌåÖ‚ô©„Äå,goodred88.‚ìí‚ìû‚ìú„Äç,‚ô©Ïä§ÎßàÌä∏Ìè∞ÌÜ†ÌÜ†,Î™®Î∞îÏùºÎ∞∞ÌåÖ,Îã¨ÌåΩÏù¥,Î†àÏù¥Ïã±,ÏÇ¨Ïù¥Ìä∏„É±lolÌÜ†ÌÜ†,goodred88.‚ìí‚ìû‚ìú„Äç],Ïπ¥ÌÜ°lolÌÜ†ÌÜ†„É∞#Îã¨ÌåΩÏù¥,Î†àÏù¥Ïã±,ÏÇ¨Ïù¥Ìä∏
Tue Apr 07 17:17:56 CEST 2015;Yemes_Babe;Lagos, Nigeria.;o_O,@Iam_KingCartel,o_O"@Yemes_Babe,Aii,@Iam_KingCartel,finally,shut,her,Lol
Tue Apr 07 17:17:56 CEST 2015;LusanLah;Somewhere only i know.;@Calum5SOS,What,happens,when,stay,sisters,place,lol,exfoliation,http://t.co/Yb2gsPD84T
Tue Apr 07 17:17:56 CEST 2015;AdamEveMcAllen;2003 N 10th Street Suite B;you,understand,you're,sex,genius,and,you,can't,you,have,sex,problem,Lol,http://t.co/0R9w3anv7n
Tue Apr 07 17:17:56 CEST 2015;50shades_of_fan;fiftyshadesoffan@gmail.com;@TumblrDaiIy,@TeamJamieD,lol,dying
Tue Apr 07 17:17:55 CEST 2015;jacq0123;;@misssjuicyyy,playing,with,omg,üòÇüòÇüòÇ,man,that,would've,been,funny,still,can't,believe,Lol
Tue Apr 07 17:17:55 CEST 2015;YourFavoriteSin;Fresno,Ca;Our,plan,was,get,a.m,work,out,Fail,lol,We'll,try,again,tomorrow,DontGiveUp
Tue Apr 07 17:17:55 CEST 2015;marygrace_xoxoo;;like,this,song,tho,lol
Tue Apr 07 17:17:55 CEST 2015;d4isy4u;Sg;@happyeols,will,die,sub,today's,sukira,alone,lol,hours,T_____T
Tue Apr 07 17:17:55 CEST 2015;anonymouspapi;Orange County, CA;yes,eat,like,shit,but,don't,eat,candy,chocolate,drive,thru,fast,food,drink,soda,think,that's,why,i'm,not,fat,lol
Tue Apr 07 17:17:55 CEST 2015;94drev;justin's heart;@bieberzu,przynajmniej,≈õwiadomo≈õƒá,swojej,g≈Çupoty,lol
Tue Apr 07 17:17:55 CEST 2015;YuiBunni;Canada;Lol,and,roommate,both,were,drowning,our,manuscripts,idk,should,jelly,that,hers,due,today
Tue Apr 07 17:17:55 CEST 2015;kurojam_sum;;LV13Âû¢„ÅßLoL„ÇÑ„Å£„Åü„Çâ3Âõû‰∏≠3ÂõûAFK„ÅÑ„Çã„Çì„Å†„Åë„Å©„ÄÅ„ÇÑ„Å∞„Å™„ÅÑ„Éª
Tue Apr 07 17:17:55 CEST 2015;unlikeluke;nc;@H0N35TINDIR3CTs,for,100%,honest,indirect,I'll,super,honest,and,super,mean,really,not,like,your,account,Don't
Tue Apr 07 17:17:55 CEST 2015;40ozPAPI;los angeles;@samuraibedoor,that,not,lol
Tue Apr 07 17:17:55 CEST 2015;MickeyMHAUse;;@GelFayeeee,@imronaleigh,@almirabelardo,@DJBDiane,party,garahe,ang,peg,Iwww,hahahaha,lol
Tue Apr 07 17:17:55 CEST 2015;SpidereeMan;konoha;@xxuelie,sehun,couldnt,open,the,chocolate,milk,drink,chanyeol,helped,him,and,took,sip,LOL,http://t.co/6NsZ64d1kd
Tue Apr 07 17:17:55 CEST 2015;bintibrah3m;;faceless,dolls,lol
Tue Apr 07 17:17:55 CEST 2015;AmirHanaa;;@sososrkhan,@AnishMajumder1,lol,who,said,Anish,side,iam,the,middle&Ihv,crazy,sis,like,willkill,Iwill,with,Anish,side
Tue Apr 07 17:17:55 CEST 2015;Alexx_McArthur;Scotland;@Mrsjackdaniels,like,wee,sour,cream,dip,with,ready,salted,Pringles,some,kind,snack,weirdo,lol
Tue Apr 07 17:17:55 CEST 2015;celjudnomrab;my un is made up of 4 ÎØ∏ÏπúÎ∞îÎ≥¥;@sica_forehead,Irene,was,about,reach,for,one,Wendy's,cupcakes,but,Joy,was,like,LOL,UNNIE,GET,THE,FIRST,CUPCAKE,http://t.co/l‚Ä¶
Tue Apr 07 17:17:55 CEST 2015;SelenaAndBella;;@MelCampos09,girl,never,take,contacts,out,Lol,it's,bad
Tue Apr 07 17:17:55 CEST 2015;vintageblunts;;@_TheVizu,you,sell,clothes,stuff,lol,nice,lil,app
Tue Apr 07 17:17:55 CEST 2015;VeexLy;Pennsylvania, USA;@iamJoanlee,cool,fuck,Lol,phillyphest,http://t.co/DD7k3vCuJO
Tue Apr 07 17:17:55 CEST 2015;GigaLiving;uk;@eddiesurfs,LOL,http://t.co/hT7sjdDCJp
Tue Apr 07 17:17:55 CEST 2015;Yourfuckingseme;Donde pueda salvar a mi adc;lol,vuelve
Tue Apr 07 17:17:55 CEST 2015;CRIMINALJILEY;;Lol,I'm,abt,cry,school,listening,believe,bYE
Tue Apr 07 17:17:55 CEST 2015;MadihaGhaffar;London;@TheRealAbdur,because,people,get,naked,lol
Tue Apr 07 17:17:55 CEST 2015;vurypedydido;Fresno, California;Best,Online,Dating,Site,For,Hooking,http://t.co/SxY7arjM1M,show,lol,lol,http://t.co/sGv2riVj0e
Tue Apr 07 17:17:55 CEST 2015;TheSonicUnivers;Xbox: xShadowXMonadox;@LynkedC,There,were,two,Ike's,and,1v1,experience,Thought,you,were,1v1ing,LOL
Tue Apr 07 17:17:55 CEST 2015;swayneharris;In The Moment;@CoryBooker,Cute,Cory,Lol
Tue Apr 07 17:17:55 CEST 2015;_kay_doh;;@NatKingKoleton,Chicks,out,here,getting,super,pissed,over,this,girl,taking,pictures,with,her,bf's,kid,like,it's,not,lol,Soo,she,sho‚Ä¶
Tue Apr 07 17:17:55 CEST 2015;Amalichan45;Mexico;yep,Aki,Lc5,queria,tocar,con,todos,los,Jupiter,Solo,falta,Teru,lol
Tue Apr 07 17:17:54 CEST 2015;mixedgirrl28;;@IttieeBittyy,miss,you,too,lol
Tue Apr 07 17:17:54 CEST 2015;MaryAlb04;;@BB1Aholic,When,propose,Youngji,really,stressing,and,said,Hyung,will,act,youngji,instead,then,Lol,cr.chocopienuna7
Tue Apr 07 17:17:54 CEST 2015;ieqaaiyaz;Maldives;@TrisyaAzahar,lol,hahah,double
Tue Apr 07 17:17:54 CEST 2015;Its_JayForest;;Lol,sister,too,https://t.co/HM1rOEeCls
Tue Apr 07 17:17:54 CEST 2015;SleazyyDee;Charlotte, NC;@SHAWNHINDRIIX,BIRDMAN,WAYNE,COOL,NOW,GOTTA,STOP,THE,SFTW2,TOUR,THEN,CUZ,HOW,GONNA,PERFORM,THE,SONGS,LOL
Tue Apr 07 17:17:54 CEST 2015;ThatCocoBoy;ATLANTA;@When_N_Rome,clue,Lol,I'm,just,big,fan,technology,Apple,seems,one,the,best,innovating,They,always,change,game
Tue Apr 07 17:17:54 CEST 2015;kristinaluong;Cedar Hill,Texas;@christinaweenig,lol,shopping,there,you're,welcome,come,with,can,get,some,snowcones,tooüòÇ
Tue Apr 07 17:17:54 CEST 2015;SizweSithole18;;Lol,black,coffee,wanted,guy,around,the,world,I'm,sure,his,going,make,million,with,this,tour#AfricasRising,http://t.co/gFyYADTq78
Tue Apr 07 17:17:54 CEST 2015;beezysaidso;food is life!;@epicassmagda,will,free,after,you,get,out,want,can,text,find,location,lol,mostly,the,comp,lab
Tue Apr 07 17:17:54 CEST 2015;TraciMcniff;;@A_Hooots,@sarah_levins,@MsCallyn,I'm,way,I'm,driving,there,lol,I'll,there,tonight
Tue Apr 07 17:17:54 CEST 2015;shasaicowow;SEUNGJAE ISLAND;@FTtitiwa,lol,haha,There's,engsub,thats,why,wont,streaming,for,it~
Tue Apr 07 17:17:54 CEST 2015;085a2db71d18453;;@CesareOrtis,17MLD,mancanti,compariranno,sotto,l'albero,Natale,parola,d'#Erbomba,LOL,LOL,@TgLa7,Def,Renzi,non,sono,tagli‚Ä¶
Tue Apr 07 17:17:54 CEST 2015;SindelDeLuca;Your screen;@louzee1,@SindelDeLuca,@AngelDeLuca,Guess,they're,saying,straight,the,best,way,for,booze,too,LOL,http://t.co/R85fFWK4lb
Tue Apr 07 17:17:54 CEST 2015;6002tinetine;JYJ from Êù±ÊñπÁ•ûËµ∑ÔºÅ;@1215thexiahtic,hey,babe,how,can,you,forgot,your,solo,song's,dance,and,dance,mirotic,well,LOL
Tue Apr 07 17:17:54 CEST 2015;Krazy_chiquis12;;@ArmyMikeyDee,saw,lol,was,like,wtf,they,going,get,hit
Tue Apr 07 17:17:54 CEST 2015;__AliyahReed;;going,tanning,turban,lol
Tue Apr 07 17:17:54 CEST 2015;Chevyyyy__;;@longlivecmvc,Lol,that,video,has,made,angry,would,kill,bmt
Tue Apr 07 17:17:54 CEST 2015;ThickJuicyyy;Memphis,Tn;@BucksBabyFans,@1BucksBaby,lol
Tue Apr 07 17:17:54 CEST 2015;MartinPlayngMC;;hey,guys,back;),Dont,know,how,mqny,years,wasnt,using,but,when,pressed,that,Revenge,button,got,sad,lol,http://t.co/rejsXyHbdN
Tue Apr 07 17:17:54 CEST 2015;It_time_for_tea;;„ÄêLoL„ÄëRanked,with,Scarlet,Episode,2„ÄêSwain„Äë,http://t.co/AtDKrXWZR9,via,@YouTube
Tue Apr 07 17:17:54 CEST 2015;kayaterri;;lol,bye,tlga
Tue Apr 07 17:17:54 CEST 2015;BeYouAndDream;On A Cloud;@ShidamVideos,Some,pictures,really,confused,too,lol,Great,video,though
Tue Apr 07 17:17:54 CEST 2015;gucciPACMANNN;GLOBAL;@ItsDiorShawdee,been,hiring,all,year,nigga,gone,come,pick,uniforms,today,LOL
Tue Apr 07 17:17:54 CEST 2015;gzbeaz;Edinburgh;@thrustoppa,sehun's,laugh,the,type,where,you're,already,massaging,your,jaw,laughing,too,much,lol,http://t.co/BBdlfq8HzR
Tue Apr 07 17:17:54 CEST 2015;jazmintela;;@dontmindkuna,üòÇüòÇüòÇüòÇLOL,Then,they,came,home,drank,üòÇüòÇ
Tue Apr 07 17:17:54 CEST 2015;_TriciaTrinidad;;@AdrianCouncilor,@_TriciaTrinidad,wala,akong,lol
Tue Apr 07 17:17:54 CEST 2015;zappafaye;USA;@CasaskullMark,lol,nice,mine,WelcomeToTheHopsSide
Tue Apr 07 17:17:53 CEST 2015;aomthitiporn;24.11;@b920930,[!!!!],‡∏´‡∏•‡∏±‡∏á‡∏Å‡∏≤‡∏£‡∏ó‡∏î‡∏•‡∏≠‡∏á‡πÄ‡∏≠‡∏≤‡πÑ‡∏Ç‡πà‡∏ï‡∏≠‡∏Å‡∏•‡∏á‡∏ö‡∏ô‡∏û‡∏∑‡πâ‡∏ô‡∏ñ‡∏ô‡∏ô,‡∏õ‡∏£‡∏∞‡∏°‡∏≤‡∏ì,‡∏ô‡∏≤‡∏ó‡∏µ,‡πÑ‡∏î‡πâ‡∏î‡∏±‡∏á‡∏ô‡∏µ‡πâ,‡∏™‡∏∏‡∏Å‡πÑ‡∏´‡∏°‡πÑ‡∏°‡πà‡∏£‡∏π‡πâ‡πÅ‡∏ï‡πà‡∏ó‡∏µ‡πà‡∏£‡∏π‡πâ‡πÜ‡∏Å‡∏¥‡∏ô‡πÑ‡∏°‡πà‡πÑ‡∏î‡πâ,lol,http://t.co/DGENrfkwPg
Tue Apr 07 17:17:53 CEST 2015;Juls____;NJ;your,friend,told,you,she,had,something,stuck,her,and,she,needed,you,dig,there,and,get,out,would,you,lol
Tue Apr 07 17:17:53 CEST 2015;Slushana_;Here And There;LOL,https://t.co/8Q2vEMPY3A
Tue Apr 07 17:17:53 CEST 2015;ShaylaaJBriqhtt;;@msselena13,lol,got,you
Tue Apr 07 17:17:53 CEST 2015;alexxiissssss_;;@TheRealTeezy7,well,you,good,lol
Tue Apr 07 17:17:53 CEST 2015;justinxcakeaff;lukes bed;sorry,lol,class,blasting,FutureHearts,right,now,and,these,songs,are,good,holy,fuck
Tue Apr 07 17:17:53 CEST 2015;Legendary_clock;Braamfontein Johannesburg, RSA;SMH,RT"@FootballAccoun3,Sir,Lincoln"@Legendary_clock,The,banter,when,Bobby,signed,Lincoln,Svasiya,LOL
