Fri Apr 03 19:06:33 CEST 2015;reptesdecuina;Matar√≥;Couscous,pla√ßa,Jemaa,Fna,#Marrakech,#couscous,#auberginia,#salad,#turismegastronomic,Place‚Ä¶,https://t.co/LXQ1NbXQnP
Fri Apr 03 18:04:41 CEST 2015;Dude_59;;@AdrienVdL,@BenDelaby,couscous,delaby,meilleur,que,garbish,#couscous
Fri Apr 03 17:00:14 CEST 2015;KenzaIntBeauty;New York, NY ;Friday,couscous,Casablanca,with,cousins,#couscous,#food,#Casablanca,#Morocco,#family,https://t.co/EOaUxCsQtP
Fri Apr 03 16:57:54 CEST 2015;Twisted2PTown;Petaluma, CA;Veggie,plate,#falafel,#couscous,#sweetpotatogratin,#tzatziki,pita,bread,and,grilled,asparagus,http://t.co/p2XQYVdehq
Fri Apr 03 16:44:15 CEST 2015;PeteDrew;Solihull;Just,getting,stuck,into,meal,the,day,üòâüëå,#prawns,#peas,#couscous,#avocado,#sweetcorn,#fig‚Ä¶,https://t.co/TBZ4ebyYhT
Fri Apr 03 16:39:56 CEST 2015;baronbleu;Aspen, Colorado & Roswell, NM;Spring,Asparagus,Salad,feastingathome,#Salad,#Asparagus,#Olives,#Lemon,#Couscous,#Healthy,http://t.co/ifbwH8h7va
Fri Apr 03 16:33:12 CEST 2015;EMMGroupInc;NYC;Lunch,the,brain,this,rainy,friday,(grilled,#shrimp,#couscous,#salad),#lexingtonbrass,#lunch,#goodfriday,#EMMEATS,http://t.co/281SaMONvT
Fri Apr 03 16:07:56 CEST 2015;Bistro33Moncton;Moncton, NB, Canada;Cr√®me,#brocoli,Galettes,#morue,avec,salade,grecque,#Cr√™pes,aux,fruits,mer,avec,soupe,salade,http://t.co/q3LAEBIZAp,#couscous
Fri Apr 03 15:27:58 CEST 2015;Simobb_;Los Angeles,Morocco,The World ;#Couscous,TIME,Enjoy,YOURS,#bessaha,#casablanca,#maroc,#morocco,#marocco,#marokko,#marruecos‚Ä¶,https://t.co/eYvfoIPQVD
Fri Apr 03 15:20:58 CEST 2015;Inkheart1996;Karlsruhe;Karfreitag,Men√º,#gem√ºsebratling,mit,#kartoffel,#avocado,#salat,und,#couscous,#salat,#lecker‚Ä¶,https://t.co/xzAJ1W1LrA
Fri Apr 03 14:56:09 CEST 2015;IsidoroPiarulli;;@giucruciani,Buono,letto,#couscous,fosse,#senzaglutine,mangerei,tutto,altrimenti,per,solo,agnello,patate,@AICLomb
Fri Apr 03 14:28:14 CEST 2015;DavideVigneri;Aci Castello, Sicily;Polpettine,cous,cous,patate,curry,con,salsa,yogurt,greco,#couscous,#Sicilia,#food,@Bia_couscous,http://t.co/QeQBZp59j6
Fri Apr 03 14:10:27 CEST 2015;YasserMonkachi;Morocco;#couscous,for,old,man
Fri Apr 03 14:05:45 CEST 2015;wldcup20141;;Couscous,„É™„ÉÅ„É£„Éº„Éâ„Éª„Éú„Éä,http://t.co/fIZvA7E2LO,#iTunes,#iPhone,#Couscous
Fri Apr 03 13:38:48 CEST 2015;culture_cherif;Maroc - France;Thank,God,it's,#couscous,day,Recipe,from,@cookingwithalia,http://t.co/XEu9waZNum,#morocco,#food,http://t.co/4FBZjkhmzF
Fri Apr 03 13:34:16 CEST 2015;AmalNonProfit;Marrakech, Morocco;#couscous,Friday,http://t.co/JqzQKjb9d5
Fri Apr 03 13:14:24 CEST 2015;CausaFelicidad;;#Rychloobed,#nasvete,#myfavourite,#soya,#currysauce,#cheese,#couscous,#cucumber,#samadoma,#nenicoresit,#foodpo‚Ä¶,http://t.co/WCXatAVUMY
Fri Apr 03 12:55:04 CEST 2015;BibaBouchra;;@dz_femme,Saha,ftourkoum,mes,ch√©ries,Kech,t3aaaaaam,#couscous,http://t.co/vTYqgVfLVH
Fri Apr 03 12:38:25 CEST 2015;elissa_bruno;;@aminaelis,Pr√©paration,#Couscous,#Vendredi
Fri Apr 03 12:38:17 CEST 2015;cuscusroma;via Arezzo 39 Roma;Oggi,Alici,con,finocchietto,selvatico,Ûæå´#couscous,#fish,#sicilianrecipies,http://t.co/RSN3ectrXj
Fri Apr 03 12:29:07 CEST 2015;aminaelis;;Pr√©paration,#Couscous,#Vendredi
Fri Apr 03 12:14:41 CEST 2015;dz_femme;Alger;Saha,ftourkoum,mes,ch√©ries,Kech,t3aaaaaam,#couscous,http://t.co/vTYqgVfLVH
Fri Apr 03 11:36:54 CEST 2015;aurolevrai;;#preparations,#lunch,#outifseason,#couscous,http://t.co/dvwVHxPwg8
Fri Apr 03 11:18:42 CEST 2015;Amberor;;Recette,#couscous,#kabyle,mouton,(agneau),cardons,navets,pois,chiches,carottes,(Alg√©rie),http://t.co/plC74KMOBN
Fri Apr 03 11:00:56 CEST 2015;pennarfeunteun;Plougrescant - Tr√©gor;aujourd'hui,#plat,jour,#Couscous,poisson,#restaurant,#tregor,#plougrescant
Fri Apr 03 10:56:16 CEST 2015;TheOneTrueChewy;;#foodporn,#healthfood,#eatright,#livefit,#cripplechef,#couscous,mikaelamarillier,@woolworths_sa‚Ä¶,https://t.co/5kapQO0gYL
Fri Apr 03 09:08:22 CEST 2015;MerryGunawaty;Jakarta;Avocado,oiled,#couscous,with,healthy,ingredients,from,my.yfk,#healthyfood,#yummy,#whyfoodkeep,https://t.co/4frbCOgsxB
Fri Apr 03 07:54:34 CEST 2015;grapencheese;Amsterdam;#recept,voor,collega,z'n,20-dagen-kook-challenge,Super,malse,#kip,#groenten,#couscous,http://t.co/5ORPgc8ESL,http://t.co/qPCHiUIpHI
Fri Apr 03 07:27:09 CEST 2015;JuYogi_Blog;Graz | Austria;Mmmhh,#couscous,for,#breakfast,Use,your,left,over,rice,couscous,quinoa,for,nice,sweet‚Ä¶,https://t.co/pDUwWe2F1x
Fri Apr 03 06:50:18 CEST 2015;jilow0318;ÈéåÂÄâ;#Lunch,#„Ç™„Éû„Éº„É´„Ç®„Éì„ÅÆ„Ç´„É¨„Éº,#curry,#„ÇØ„Çπ„ÇØ„Çπ,#Couscous,#„É©„É≥„ÉÅ„Éë„Çπ„Éù„Éº„Éà,#540ÂÜÜ,#Kamakura,#ÈéåÂÄâ,Passion„ÄÄ„Éï„É©„É≥„ÇπÁî∞ËàéÊñôÁêÜ,https://t.co/JhLcsPL3d9
Fri Apr 03 06:32:55 CEST 2015;510medicIan;Hayward;#grilled,#corn,#Chicken,#kabob,#couscous,#naan,#garnished,with,#Italianparsley,#truecooks,#truechefs‚Ä¶,https://t.co/WWLaowLyMM
Fri Apr 03 06:29:33 CEST 2015;510medicIan;Hayward;#cheflife,#chefspecials,#finishedproduct,#fire,#l8post,#chicken,#kabobs,#naan,#couscous,https://t.co/jOfPtvwdX4
Fri Apr 03 05:36:18 CEST 2015;chefocuisine;;Recette,#couscous,#kabyle,mouton,(agneau),cardons,navets,pois,chiches,carottes,(Alg√©rie),http://t.co/NJN3nxPSEz
Fri Apr 03 02:39:57 CEST 2015;510medicIan;Hayward;#salad,with,#lamb,#couscous,and,#NAAN,#nahmean,#garnished,with,chopped,#parsley,#nofilter,#nomnom‚Ä¶,https://t.co/mMTzQS6taN
Fri Apr 03 02:28:16 CEST 2015;Heatha125;Durham, NC;üî•Spicyüî•garlic,cilantro,grilled,#shrimp,#couscous...I,got,lil,happy,the,chili,sauce,but,it‚Ä¶,https://t.co/eSnTCGhU0o
Fri Apr 03 00:32:56 CEST 2015;vincenzosplate;Sydney - Australia;@lbro878,#dinnertonight,@GordonRamsay,lime,chili,wings,#COUSCOUS,@thefoodtasters,@vincenzosplate,http://t.co/b3iZaozFyW
Fri Apr 03 00:32:27 CEST 2015;lbro878;Pennsylvania;#dinnertonight,@GordonRamsay,lime,chili,wings,#COUSCOUS,@thefoodtasters,@vincenzosplate,http://t.co/b3iZaozFyW
Thu Apr 02 23:57:00 CEST 2015;zionistaaaa;;#moroccan,#couscous,#sephardi,yum,#prepesach,http://t.co/I2DADletGa
Thu Apr 02 23:41:20 CEST 2015;MlisandeCiterne;;suis,gav√©e,une,oie,j'en,peux,plus,peux,plus,bouger,mtn,dodo,#couscous,#famille
Thu Apr 02 21:51:56 CEST 2015;tenn_yenn;;Cranberry,Couscous,#Saladüòç,#Couscous,Cranberries,Carrots,Celery,Green,onion,Dress,with,red,wine,vinegarüëå,#healthy,http://t.co/IEms8MyKSA
Thu Apr 02 21:06:25 CEST 2015;indraPRGroup;New York;@MasterPurveyors,Absolutely,Delicious,Try,our,#recipe,Spring,Revival,#Couscous,#Salad,with,#FiletMignon,serves,http://t.co/VZu1txq‚Ä¶
Thu Apr 02 20:23:04 CEST 2015;Saraal7aj;Subbarin-Haifa-Palestine ‚ô°‚ô°;@ThisIsGaZa,helped,wife,prepare,maftoul,for,people,today,This,Mount,Maftoul,#maftoul,#couscous,http://t.co/dUflieBcaD
Thu Apr 02 20:21:19 CEST 2015;Dinewell_nl;;hebben,ontdekt,dat,#bulgur,smeuiiger,dan,#couscous,Lekker,met,munt,tomaat,kaas,komkommer,limoen,#vega,http://t.co/w00HVKZTge
Thu Apr 02 20:03:08 CEST 2015;CameHereToParty;zombieland;Diiinner.üòÅüëå,all,selfmade,Yummy,#veggie,#dinner,#couscous,#food,#essen,#vegetarisch,#reis,https://t.co/dDnyocfdSy
Thu Apr 02 19:57:48 CEST 2015;Capu_Caubi;;#couscous,#restaurant,‚úåÔ∏èüòç
Thu Apr 02 18:54:31 CEST 2015;gmason32;New York;@MasterPurveyors,Absolutely,Delicious,Try,our,#recipe,Spring,Revival,#Couscous,#Salad,with,#FiletMignon,serves,http://t.co/VZu1txq‚Ä¶
Thu Apr 02 18:01:21 CEST 2015;MasterPurveyors;Bronx, NY;Absolutely,Delicious,Try,our,#recipe,Spring,Revival,#Couscous,#Salad,with,#FiletMignon,serves,http://t.co/VZu1txql2Z,#MasterPurveyors
Thu Apr 02 17:47:11 CEST 2015;yumgoggle;U.S.A.;Cheesy,#Salsa,##Chicken,#Couscous,#Casserole,from,Bobbi‚Äôs,Kozy,Kitchen,http://t.co/gFYmylAJj6,#texmexandmexican
Thu Apr 02 17:12:54 CEST 2015;chefocuisine;;Recette,#couscous,#kabyle,mouton,(agneau),cardons,navets,pois,chiches,carottes,(Alg√©rie),http://t.co/NJN3nxPSEz
Thu Apr 02 16:08:08 CEST 2015;LivingItalyLive;;#Couscous,brings,Med,cultures,together,#Sicily,Expo,2015,ANSAMed.it,http://t.co/4xPBXKPq0R
Thu Apr 02 15:55:57 CEST 2015;Doubled_it;The shire of Cambridge;winning,#lunch,#couscous,#prawn,#pepper,and,#broccoli,with,nice,glass,#milk,http://t.co/BeA54reLQE
Thu Apr 02 15:51:47 CEST 2015;chefocuisine;;Recette,#couscous,#br√©silien,poulet,aux,l√©gumes,(Br√©sil),http://t.co/bMlCg9mQR7
Thu Apr 02 15:39:15 CEST 2015;emmabell;SEOUL~ KOREA;YESSS!!My,cous,cous,has,finally,made,break,from,freedom,after,being,trapped,Korean,customs,#couscous
Thu Apr 02 14:55:37 CEST 2015;TheKitchenVixe1;;#breakfast4champions,#couscous,w#apple,#cinnamon,#raisins,Waiting,#milk,hot,http://t.co/FA3Qdr39Wj
Thu Apr 02 14:13:25 CEST 2015;justinharrigan;Tring & London;wish,@SUBWAYUKIreland,@SUBWAY,would,have,some,decent,carbs,Should,give,job,#couscous,#lentils,#quinoa,http://t.co/fcXSQaEN46
Thu Apr 02 12:10:04 CEST 2015;cuscusroma;via Arezzo 39 Roma;Trittico,per,due,#couscous,#sughi,#pesce,#carne,#verdure,#vegetariani,#siciliani,#romani,#etnici,#tuttibuoni,http://t.co/QfPUDwTyY2
Thu Apr 02 11:30:54 CEST 2015;frigoandco;;C'est,parti,pour,d√©couverte,#Couscook,Thomson,#Couscous,http://t.co/BvT6NWLH6V
Thu Apr 02 11:16:50 CEST 2015;DarLyakoutParis;Paris;#couscous,plat,signification,profonde,qui,conquis,monde,D√©couvrez-en,variantes,http://t.co/aRu5VWf58w,@DarLyakoutParis
Thu Apr 02 11:13:04 CEST 2015;LOrientalParis;Paris;#couscous,#plat,forte,symbolique,#gastronomique,aux,multiples,#variantes,r√©gionales,http://t.co/RBpDhwJfbU,@LOrientalParis
Thu Apr 02 09:35:42 CEST 2015;GloriouslyGood;UK;@CuliRecipe,Dried,cherry,couscous,salad,recipe,http://t.co/BkUnnHatSz,#kitchen,#cooking,#culinary,#recipe,#dried,#cherry,#couscous,#sal‚Ä¶
Thu Apr 02 09:30:02 CEST 2015;CuliRecipe;UK;Dried,cherry,couscous,salad,recipe,http://t.co/BkUnnHatSz,#kitchen,#cooking,#culinary,#recipe,#dried,#cherry,#couscous,#salad
Thu Apr 02 09:29:50 CEST 2015;HotMarijke;Knokke near Bruges, Belgium;@ArmandVervaeck,#LahlaliEffect,Jamaar,Armand,zegt,niet,bij,dat,dat,opmerkt,omdat,die,#couscous,van,#Youssef,geen,kloten,trekt
Thu Apr 02 04:25:20 CEST 2015;naniiiiiiiiiick;;@leonnaboo,Ici,grossit,vitesse,#4G,#Marrakech,#couscous,#AlloNabilla,http://t.co/T0RKOjI6Dc
Thu Apr 02 02:50:11 CEST 2015;KirstiItameri;Brooklyn;#Sriracha,#almond,#pearl,#couscous,with,#yogurt,and,#mint,and,side,#roasted,#carrots,and‚Ä¶,https://t.co/xMQjEaXtsR
Thu Apr 02 02:03:42 CEST 2015;MattJumps;Los Angeles, CA;Poisson,D'Avril,#Albacore,#Tataki,#couscous,#consomme,This,how,celebrate,#AprilFoolsDay.‚Ä¶,https://t.co/ER3Rn5a6UA
Thu Apr 02 01:49:24 CEST 2015;Higuccini;Êù±‰∫¨ÈÉΩÁõÆÈªíÂå∫;„ÉÅ„É™„Éì„Éº„É≥„Ç∫„Å®„ÇØ„Çπ„ÇØ„Çπ„ÄÇ,#„ÉÅ„É™„Éì„Éº„É≥„Ç∫,#„ÇØ„Çπ„ÇØ„Çπ,#Couscous,#chilibeans,http://t.co/QRr9HWcdwM
Thu Apr 02 00:29:01 CEST 2015;DillonMaurer;ATL Shawty;Chilled,#couscous,#quinoa,#salad,with,heirloom,#tomato,baby,#spinach,and,parsley/chives,from,my‚Ä¶,https://t.co/gGOxcafuxB
Thu Apr 02 00:18:55 CEST 2015;DillonMaurer;ATL Shawty;Chilled,#couscous,#quinoa,#salad,with,heirloom,#tomato,baby,#spinach,parsley/chives,from,yung‚Ä¶,https://t.co/ZROMnRoUQf
Thu Apr 02 00:03:57 CEST 2015;sarahbrittany;Toronto;#Avocado,and,some,tasty,#couscous,and,#tomato,#salad,üòçüôå,https://t.co/ejQzcOm6nm
Wed Apr 01 23:31:22 CEST 2015;LasCasuelasNuev;Rancho Mirage, CA;#Couscous,#MangoSalad,with,#Shrimp,#muydelicioso,http://t.co/7duBWjlvaR
Wed Apr 01 23:30:52 CEST 2015;LasCasuelasNuev;Rancho Mirage, CA;#Couscous,#MangoSalad,with,#Shrimp,#muydelicioso,http://t.co/g7mveMbnsh
Wed Apr 01 22:20:35 CEST 2015;VoyagesLive;Lyon;http://t.co/7p8RcDCd7N,#couscous,#marocain,#Marrakech,#poseyy,#oklm,#voyage,#Maroc,#Casem,#picoftheday,#instagood,http://t.co/jBIhSC78l7
Wed Apr 01 22:05:28 CEST 2015;eatingininstead;Rabat, Morocco;Easy,sun-dried,tomato,couscous,http://t.co/gnonQpHNBD,#recipe,#healthyfood,#couscous
Wed Apr 01 21:29:44 CEST 2015;chrumbelow;Wales;Post,gym,food,mmmmmm,#salmon,#couscous,#spinach,#homemade,#healthy,#gym,#workout,https://t.co/0MMwRksVex
Wed Apr 01 21:10:04 CEST 2015;FoodPorn_MX;Guadalajara, M√©xico;@GiovannaMinini,#CousCous,pesce,#seafood,#food,#foodporn,#Marocco,#instafood,http://t.co/QpWDTkDfX7
Wed Apr 01 21:08:44 CEST 2015;GiovannaMinini;Italy, Milano;#CousCous,pesce,#seafood,#food,#foodporn,#Marocco,#instafood,http://t.co/QpWDTkDfX7
Wed Apr 01 21:00:43 CEST 2015;CouscousOff;Strasbourg - Marais ;J'vous,d√©teste,#Couscous,http://t.co/2eXGU4MWmv
Wed Apr 01 20:56:02 CEST 2015;ntbeaute;;#couscous,https://t.co/B2fEFfAXYC
Wed Apr 01 20:54:21 CEST 2015;amosdurrell;UK;Pizza,Hut,üçïüòçüôå,#freesalad,#potatosalad,#pasta,#couscous,#freerefills,#Tango,#cheesebites‚Ä¶,https://t.co/QqkHYCComr
Wed Apr 01 20:44:48 CEST 2015;DirkAkaNefal;In het midden van Nefal Land!;Side,Spionen,#COUSCOUS,VERSIE,http://t.co/OnrNyxtahn,via,@YouTube
Wed Apr 01 20:36:32 CEST 2015;BeatsBwigidamn;Paris/Moneyteuil;(Mes,Plats,Pr√©f√©r√©s,Part,#Couscous,#Merguez,#Viande,#Meat,#Carotte,#F√©culents,#Royale,#Food,#Arab‚Ä¶,https://t.co/plrLTgIEF9
Wed Apr 01 20:27:51 CEST 2015;Amberor;;Recette,#couscous,#br√©silien,poulet,aux,l√©gumes,(Br√©sil),http://t.co/Xs8xrJIBlI
Wed Apr 01 20:21:56 CEST 2015;BeatsBwigidamn;Paris/Moneyteuil;(Mes,Plats,Pr√©f√©r√©s,Part,#Couscous,#Plats,#Royale,#Viande,#Meat,#F√©culents,#Assiette,#Best,https://t.co/7OjOwZ6m9Q
Wed Apr 01 19:14:01 CEST 2015;CouscousOff;Strasbourg - Marais ;Nan,nan,mars,fdp,#Couscous,http://t.co/BdzXHuSEfS
Wed Apr 01 19:08:37 CEST 2015;JustineDrew72;;aparement,pas,que,moi,qui,aime,que,semoule,dans,couscousüòÇüòÇ,üçöüçöüçöüçö,#couscous
Wed Apr 01 19:00:55 CEST 2015;JustineDrew72;;Enfaite,dans,couscous,j'aime,que,semoule,j'croisüçö,#couscous
Wed Apr 01 19:00:06 CEST 2015;JustineDrew72;;sais,pas,s'√©crit,couscous,coucous,mais,pense,que,c'est,couscous,#couscous
Wed Apr 01 19:00:05 CEST 2015;cuscusroma;via Arezzo 39 Roma;Ogni,giorno,sughi,diversi,per,nostro,cous,cous,Provateli,tutti,#couscous,#sughi,#siciliani,#romani,http://t.co/RwlbVWr5nQ
Wed Apr 01 18:59:29 CEST 2015;JustineDrew72;;Voil√†,j'repart,couille,avec,hashtag,#couscous,mais,√©crit,correctementüòÇüòÇ
Wed Apr 01 18:58:30 CEST 2015;JustineDrew72;;J'm'occupes,couscous,mes,garsüòÇ,#couscous
Wed Apr 01 18:58:24 CEST 2015;meliiportal;El Bolson, Rio Negro;toc√≥,cocinar,Semana,Santa,#couscous,#langostinos,#salteado,#verduras,https://t.co/u4F8EHfDre
Wed Apr 01 18:19:58 CEST 2015;anthonyaraujo59;Portugal ;mamie,elle,respecte,pas,#Couscous,ouais,üòÇüòÇüòÇüòÇ,http://t.co/4YXyBZQNwI
Wed Apr 01 18:09:24 CEST 2015;Amberor;;Recette,#couscous,#br√©silien,poulet,aux,l√©gumes,(Br√©sil),http://t.co/Xs8xrJIBlI
Wed Apr 01 17:20:32 CEST 2015;delosfrutos;Av del Libertador 256;#larequerida,#couscous,#vegetalesgrillados,#verdes,http://t.co/EPidzTrHXj
Wed Apr 01 17:11:52 CEST 2015;savourthisktchn;Los Angeles, CA;Have,leftover,#couscous,are,excited,share,exciting,new,#recipe,using,chickpeas,our‚Ä¶,https://t.co/GhdBKZJcjB
Wed Apr 01 16:52:18 CEST 2015;Belt_Or_Braces;Paris, France;Cook,I'm,Vegan,Raw,Vegan,Cauliflower,Basil,Couscous,http://t.co/aSBZJk8rgu,#vegan,#recipe,#couscous,#creativity
Wed Apr 01 15:58:29 CEST 2015;Bistro33Moncton;Moncton, NB, Canada;Soupe,aigre-douce,#Morue,avec,sauce,#chermoula,Rago√ªt,d‚Äôagneau,champignons,#couscous,#mandarine,#poireaux,http://t.co/ZI6y6yqLvo
Wed Apr 01 15:57:41 CEST 2015;CJ695;DANS TON COEUR;@leonnaboo,Ici,grossit,vitesse,#4G,#Marrakech,#couscous,#AlloNabilla,http://t.co/T0RKOjI6Dc
Wed Apr 01 13:45:20 CEST 2015;mjkMi;Milan, Italy;#lunchtweet,#couscous,with,#leftover,#chicken,dried,#apricot,#preserved,#lemon,#mint,and,#chilli,flakes,https://t.co/8ucjx8MwCE
Wed Apr 01 13:32:49 CEST 2015;BenRelics;London;really,don't,get,Cous,Cous,tastes,and,feels,like,fluffy,air,#couscous
Wed Apr 01 13:17:42 CEST 2015;LilietFlo1;;#couscous,#v√©g√©tarien,#legumes,http://t.co/ddlvbjXroJ
Wed Apr 01 13:09:42 CEST 2015;Hassen_76;Le Havre 76 - La Courneuve 93;bon,#Couscous
Wed Apr 01 12:59:56 CEST 2015;Larabrusi;Milano;#couscous
Wed Apr 01 12:55:12 CEST 2015;JohannaTro;Marseille, France;Bon,app√©tit,üç¥#repas,#couscous,#amis,#marseille,https://t.co/XhjIC3E0vS
Wed Apr 01 12:41:34 CEST 2015;WuMingi;Helsinki, Finland, Earth, Sol;Today's,#vege,#lunch,#loosister,#seitan,#patty,#couscous,#salad,(not,pictured),9,70‚Ç¨,#coke‚Ä¶,https://t.co/vFdbcr0a9r
Wed Apr 01 11:52:04 CEST 2015;cuscusroma;via Arezzo 39 Roma;Con,una,giornata,cos√¨,piatto,cous,cous,sta,proprio,bene,aspetto,@cuscusroma,#couscous,http://t.co/EfjMrJwN7d
Wed Apr 01 10:58:22 CEST 2015;bakedhove;Brighton & Hove, East Sussex;New,our,menu,this,homemade,Middle,Eastern,flatbread,enjoy,#babaganoush,#hummus,#couscous,#hove,#lunch,#bn3,http://t.co/RFdbJWnbzx
Wed Apr 01 08:42:40 CEST 2015;Amberor;;Recette,#couscous,#kabyle,mouton,(agneau),cardons,navets,pois,chiches,carottes,(Alg√©rie),http://t.co/plC74KMOBN
Wed Apr 01 07:24:16 CEST 2015;UltimateChef1;Bogota;Deyech,Bil,Barqoq,Asaal,con,#CousCous,aromatizado,con,#RazAlHanut/,Deyech,Bil,Barqoq,Asaal,with‚Ä¶,https://t.co/3YkwGk8YG2
Wed Apr 01 01:20:58 CEST 2015;CerebralPalsyBC;British Columbia;our,most,recent,community,kitchen,recipe,#nomnom,#couscous,#cooking,#chickpeas,Curried,Veg,Couscous,http://t.co/DQ6pP9MOM1
Wed Apr 01 00:54:11 CEST 2015;Rafiq_al_Taneen;FRA ‚ò≠  !ÿßŸÑŸÑŸá ÿ≥Ÿàÿ±Ÿäÿß ÿ®ÿ¥ÿßÿ± Ÿàÿ®ÿ≥ ‚ò≠;@MayShigenobu,#Delicious,#Couscous,#Tunis,#Tunisia,Grand,Tunis,Hotel,https://t.co/fz5JxpNJGn
Wed Apr 01 00:35:20 CEST 2015;Mzrss;Alabama;#breakfast,#couscous,#silkalmondmilk,#uhmmmyea,#thattexture,#iateit#PhotoGrid,https://t.co/b8VM1CwF76
Wed Apr 01 00:01:12 CEST 2015;educationatw;Venezuela y Panam√° ;#CURIOSIDADES,#Marruecos,considerado,Para√≠so,los,Comelones,plato,tradicional,#Couscous,http://t.co/8AJJuFQ2k9
Tue Mar 31 22:25:13 CEST 2015;ChantelDevi;Essex/Nottihgham;Eat,clean,Train,dirty,#healthyeating,#gym,#vegetables,#seasoning,#couscous,https://t.co/PNbU7ctper
Tue Mar 31 22:22:06 CEST 2015;rebekah_song;;@GialloZafferano,Parola,d'ordine,#couscous,Non,perfetto,per,diventare,#pranzo,pratico,saporito,http://t.co/I9JQGCXWOt,http://t‚Ä¶
Tue Mar 31 22:20:09 CEST 2015;FoodPorn_MX;Guadalajara, M√©xico;@anassanyc,Special,the,day,alert,Come,#feast,our,#Tile,#fish,#couscous,with,#beets,#tuesdays,#foodie,#foodporn,#nyc,http:/‚Ä¶
Tue Mar 31 22:18:01 CEST 2015;anassanyc;200 East 60th Street;Special,the,day,alert,Come,#feast,our,#Tile,#fish,#couscous,with,#beets,#tuesdays,#foodie,#foodporn,#nyc,http://t.co/tCXM7E3Qbl
Tue Mar 31 21:52:59 CEST 2015;SentientProject;Ironbridge;it's,been,big,#vegan,cook,tonight,#falafel,#couscous,#peanutslaw,and,#potato,wedges,#meatfree,http://t.co/7HpAwoixis
Tue Mar 31 21:37:14 CEST 2015;Hungry_Catt;London;#couscous,#roastedvegetables,salad,with,some,#roti,interesting,#Tuesday,dinner,Cat,Whiskers,flat,https://t.co/6n6BMTyJ9X
Tue Mar 31 21:27:49 CEST 2015;saveursdorient;Compi√®gne - France;#couscous,aux,#legumes,https://t.co/5lKN0KLwLg
Tue Mar 31 20:02:50 CEST 2015;Waagoshbites;;Waagosh,signature,dish,coming,Stay,tuned,#vegan4life,#couscous,#veganfoodporn,#dinnertime,http://t.co/sC6nQ4JFYO
Tue Mar 31 19:47:50 CEST 2015;CouscousOff;Strasbourg - Marais ;WAllah,vous,so√ªlez,comprend,rien,#Couscous,http://t.co/HCiWr45UAY
Tue Mar 31 19:27:11 CEST 2015;123violatuner;;themasterfish1,#gamberi,#viola,#couscous,#verdure,#primaverili,#Food,#foodblogger,#foodgasm,#Food‚Ä¶,http://t.co/6aXtmXysQx
Tue Mar 31 19:23:54 CEST 2015;marine_pierre;;#couscous
Tue Mar 31 19:22:47 CEST 2015;themasterfish1;;#gamberi,#viola,#couscous,#verdure,#primaverili,#Food,#foodblogger,#foodgasm,#FoodGram,#foodie,#foodlove,http://t.co/gp2pFLPsNp
Tue Mar 31 19:15:46 CEST 2015;DarrenisDZ2;;#Workflow,down,#DanvilleKY,today,#AddictionCounseling,#AddictionTherapy,#CousCous‚Ä¶,https://t.co/tQlWOPdcTC
Tue Mar 31 19:15:26 CEST 2015;Judithvth;Amersfoort;lente,buiten,nog,ver,zoeken,Dan,maar,het,bord,#couscous,#garammasala,https://t.co/JF3HwWCIFe
Tue Mar 31 19:10:12 CEST 2015;cocosoib;Brooklyn;#couscous,#sihem.sf,#tropforte,https://t.co/fwD2nKrqDt
Tue Mar 31 19:07:38 CEST 2015;natalialou22;#Leeds;#salmon,#spinach,and,#Lemon,#fishcakes,with,#mixedveg,#Moroccan,#couscous,https://t.co/9qfBGwZWHY
Tue Mar 31 18:45:19 CEST 2015;coenlips;Bergen op Zoom;#Couscous,https://t.co/I2n9EoT4aZ
Tue Mar 31 18:33:18 CEST 2015;DOENJAutrecht;Utrecht;@DoenjaTalin,Het,kookclubje,aan,slag,Lekker,#couscous.@DOENJAutrecht,@DOENJAHatice,http://t.co/CCHAmPx2hb
Tue Mar 31 18:23:32 CEST 2015;feelingupbeat;Cambridge, UK;@Catherine212,@my3andmeblog,@LindyLovesBlog,simple,lunch,#couscous,#tomato,#chicken,#cucumber,@feelingupbeat,#UpbeatChallenge,http://‚Ä¶
Tue Mar 31 18:17:58 CEST 2015;Catherine212;;@my3andmeblog,@LindyLovesBlog,simple,lunch,#couscous,#tomato,#chicken,#cucumber,@feelingupbeat,#UpbeatChallenge,http://t.co/pUWhoSazt2
Tue Mar 31 16:29:47 CEST 2015;barteag;Barquisimeto, Venezuela;#meatballs,#cheakpea,#couscous,Delicioso,fragante,fuerte,(Couscous,Meatballs,With,Che,Melao,Restaurante),http://t.co/TB3XuOOpgt
Tue Mar 31 16:21:09 CEST 2015;SusanGValentine;Marister, Benoni, Johannesburg;Today's,menu,#gemsquash,filled,with,#couscous,#vegetables,and,#roastbeef,#boerekos,http://t.co/YtTpEE97iv,http://t.co/ZxFxGMQWIq
Tue Mar 31 16:11:09 CEST 2015;3eggsmartin;oberkirch - schweiz;@cucinairina,auch,ein,empfehlenswerter,Blog,ist,http://t.co/CrzmfwLL9K,schau,dir,mal,das,neuste,Rezept,mit,#couscous
Tue Mar 31 15:58:10 CEST 2015;AsiaFilipinas;;rico,#couscous,#tall√≠n,#Salcedo,Market,Por,momento,nos,transportamos,#Marrakesh,http://t.co/M8e06n9zOS
Tue Mar 31 15:16:13 CEST 2015;amritaraichand;southern tip of mumbai;#amazing,#salmon,with,#couscous,made,lovely,#bhabhi,#singapore,And,thought,was,#chefüòòüòò,http://t.co/j1eBCRKMk0
Tue Mar 31 14:21:57 CEST 2015;thetwoshuks;Soho London;Lunch,#puyLentles,#chickpeas,#couscous,#healthy,https://t.co/dzRoFSwYAj
Tue Mar 31 14:01:27 CEST 2015;SenseCubeCC;11 rue Biscornet 75012 Paris;Dej,des,colocs,top,#entremiam,@MakeSenseTwitts,merci,tous,#couscous,http://t.co/IEqB9vtYG4
Tue Mar 31 13:50:33 CEST 2015;oliviavachon;;Kebab,#kebabsalonu,#lunch,#break,#kebab,#falafel,#veggie,#vegetarian,#salad,#couscous,#friendsdish‚Ä¶,https://t.co/ruwXLmJnHy
Tue Mar 31 13:14:20 CEST 2015;AntoineRSE;Paris;#couscous,#entremiam,https://t.co/wbBy4dM30t
Tue Mar 31 12:48:20 CEST 2015;chefocuisine;;Recette,#couscous,#br√©silien,poulet,aux,l√©gumes,(Br√©sil),http://t.co/bMlCg9mQR7
Tue Mar 31 12:37:42 CEST 2015;CouscousOff;Strasbourg - Marais ;doit,faire,mal,#Couscous,http://t.co/bcjwGH9J01
Tue Mar 31 11:40:07 CEST 2015;_SamanthaJayne_;Leeds, England, UK;#Nom,#MealPrep,#Protein,#CousCous,#Asparagus,#Spinach,#CleanEating,#Lean,http://t.co/IbxbTNtELw
Tue Mar 31 09:30:10 CEST 2015;chefocuisine;;Recette,#couscous,#kabyle,mouton,(agneau),cardons,navets,pois,chiches,carottes,(Alg√©rie),http://t.co/NJN3nxPSEz
Tue Mar 31 08:47:41 CEST 2015;Pattycam;Brisbane, Australia;Why,doesn't,@Coles,@woolworths,stock,this,anymore,http://t.co/kP9aS5tmxM,#Ainsley,#couscous
Tue Mar 31 05:47:42 CEST 2015;TroyBoyMartin;Nova Scotia, Canada;#Foodiechats,#foodie,#cooking,#recipes,#recipeoftheday,#couscous,#food,#FoodieBandNames,http://t.co/8hpuniBE88
Tue Mar 31 05:35:13 CEST 2015;hulfish;;@MS_Living,Learn,how,prepare,#couscous,minutes,http://t.co/fhsw3C2jpL,#cookingtips,http://t.co/upH6MO488h
Tue Mar 31 05:07:57 CEST 2015;dottie1277;;@mymamou,vegetable,couscous,salad,makes,happy,#couscous,#vegetables,#healthychoices,#lunch‚Ä¶,https://t.co/GQ0C34dfzC
Tue Mar 31 04:41:03 CEST 2015;EZLN_Marcos;Tokyo Japan;@MayShigenobu,#Delicious,#Couscous,#Tunis,#Tunisia,Grand,Tunis,Hotel,https://t.co/fz5JxpNJGn
Tue Mar 31 01:51:56 CEST 2015;ysy448;Tokyo;@MayShigenobu,#Delicious,#Couscous,#Tunis,#Tunisia,Grand,Tunis,Hotel,https://t.co/fz5JxpNJGn
Tue Mar 31 01:09:25 CEST 2015;Alexbarbu;;#Toasted,#Israeli,#Couscous,https://t.co/JH8PqFW5QD
Tue Mar 31 00:55:19 CEST 2015;TomoyaMorishita;Mie  Japan;@MayShigenobu,#Delicious,#Couscous,#Tunis,#Tunisia,Grand,Tunis,Hotel,https://t.co/fz5JxpNJGn
Tue Mar 31 00:20:39 CEST 2015;lsc091290;Barcelona;Provisions,pel,viatgeeee,#couscous,#bulgur,#gengibre,#curry,#UDON,#ganesdemarxar,#viaverda,#giant,https://t.co/3v6KZ6V8pw
Mon Mar 30 23:19:06 CEST 2015;MorockinChef;www.TheKasbah.rocks;Upside,down,#Shekshooka,#Couscous,polenta,and,sun,dried,#tomatoes,griddle,cakes,Poached,#egg,Shekshooka,http://t.co/g8AabLP8Di
Mon Mar 30 22:48:32 CEST 2015;DesParisienne;PARIS;Ëø∑‰Ω†Â∞èËî¨ËèúÈáÄÂ∞èÁ±≥,#legumes,#courgette,#couscous,#Ê´õÁìú,#ÂåóÈùûÂ∞èÁ±≥,https://t.co/adydHsY4QP
Mon Mar 30 22:33:00 CEST 2015;Fmyvon;Upper Michigan;@recipespantry,See,this,lovely,baharat,roast,#duck,pomegranate,#couscous,#salad,http://t.co/uI9FlfNK1V,#recipe,http://t.co/CeTQfTLM8I
Mon Mar 30 22:31:38 CEST 2015;BpgfFLO;;@madelinecvz,#Teamgros,#Popcorn,#Bavette,#Barbecue,#Couscous,#Patate,#cr√®me
Mon Mar 30 21:42:16 CEST 2015;TarekAlaa;35037 Deine Mama;#Couscous,for,the,world
Mon Mar 30 21:16:26 CEST 2015;Isabel_Bar;London, UK;Getting,ready,steam,some,yummy,stuffed,peppers,#couscous,#peppers,#onions#lemonjuice,https://t.co/uCXco9HuoG
Mon Mar 30 21:08:40 CEST 2015;rahajna;Tunis, Tunisia;regram,bent_karmous,#Tunisie,#Tunisia,#tunisian,#food,#couscous,#plattunisien,#couscous,#viande‚Ä¶,https://t.co/CPpcXDb9yN
Mon Mar 30 21:08:02 CEST 2015;PinkprintNM;;@leonnaboo,Ici,grossit,vitesse,#4G,#Marrakech,#couscous,#AlloNabilla,http://t.co/T0RKOjI6Dc
Mon Mar 30 21:07:46 CEST 2015;rahajna;Tunis, Tunisia;regram,sirinitam,Coscsi,bel,5odhra,wel,foul,m3a,kweyes,leben,ya3mel,kif,#couscous,#plattunisien‚Ä¶,https://t.co/sjxGS0QGqX
Mon Mar 30 20:50:49 CEST 2015;ChristinaLatha;Angel, London;Carbs,and,cardio,day,#prawns,#couscous,#rocket,#peppers,#tomatos,https://t.co/v5N0xLO0z6
Mon Mar 30 19:54:15 CEST 2015;CouscousOff;Strasbourg - Marais ;ti√©,#Couscous,http://t.co/vydgrWkOY4
Mon Mar 30 19:46:31 CEST 2015;MissBeeFoods;Torino;@giannicontarin1,Cose,per,cui,vale,pena,vivere,#Maghreb,#couscous,punto,http://t.co/oLZc7DKeFg
Mon Mar 30 19:43:45 CEST 2015;giannicontarin1;torino;Cose,per,cui,vale,pena,vivere,#Maghreb,#couscous,punto,http://t.co/oLZc7DKeFg
Mon Mar 30 19:21:44 CEST 2015;vostokintheair;Saga, Japan;@MayShigenobu,#Delicious,#Couscous,#Tunis,#Tunisia,Grand,Tunis,Hotel,https://t.co/fz5JxpNJGn
Mon Mar 30 19:21:14 CEST 2015;MayShigenobu;Lebanon + Japan;#Delicious,#Couscous,#Tunis,#Tunisia,Grand,Tunis,Hotel,https://t.co/fz5JxpNJGn
Mon Mar 30 19:19:48 CEST 2015;yasmina_oran;;@oranaise,#Couscous,jour,couscous,tous,les,jours,une,recette,oranaise,boot,#Alg√©rie,#Algeria,http://t.co/vfT0HFM6o4
Mon Mar 30 19:10:47 CEST 2015;Lilia1Alg;Alg√©rie;@oranaise,#Couscous,jour,couscous,tous,les,jours,une,recette,oranaise,boot,#Alg√©rie,#Algeria,http://t.co/vfT0HFM6o4
Mon Mar 30 19:10:15 CEST 2015;dariglish;;@oranaise,#Couscous,jour,couscous,tous,les,jours,une,recette,oranaise,boot,#Alg√©rie,#Algeria,http://t.co/vfT0HFM6o4
Mon Mar 30 18:54:37 CEST 2015;juicy_plums;NYC;Decided,add,some,#broccoli,#couscous,#supreme,#homemade,https://t.co/h4l0GflZxl
Mon Mar 30 18:04:24 CEST 2015;daniellimdejun;Singapore;Erchy,made,dinz,#soblessed,#couscous,https://t.co/VioQzwsjNv
Mon Mar 30 18:00:16 CEST 2015;CoastProduce;Los Angeles, CA;Roasted,Avocado,Over,Mixed,Lettuce,and,Couscous,reclaimingyourcastle,#Salad,#Avocado,#Couscous,http://t.co/pnBrm4BqMO
Mon Mar 30 17:31:18 CEST 2015;___suo___;;Dinner,time,#couscous,#chicken#basil#veggies#oliveoil#healthy#light#easy#dinnerüç¥üçÉüëç,http://t.co/RwPLC1B47l
Mon Mar 30 16:53:01 CEST 2015;Angel_Cakes1985;;Cous,cous,pesce,#alicetv,#ricette,#CucinareMeglio,#pesce,#primipiatti,#couscous,http://t.co/n4rAiyiTSP,http://t.co/9yvjiksCiS
Mon Mar 30 16:37:30 CEST 2015;alessialiistro;siracusa;#Sicilian,#Prayingmantis,#shrimps,#perfect,for,#couscous,#recipe,for,#great,#fishes,#soupe,https://t.co/3iwz5TW6GD
Mon Mar 30 16:25:26 CEST 2015;Ruthspoof;Coventry-Falmouth:England-UK;Still,making,some,tasty,healthy,food,even,away,from,uni,#mangochicken,#couscous,#salad,#vegetables‚Ä¶,https://t.co/bGGASz1mVw
Mon Mar 30 15:21:31 CEST 2015;barsingular;Bilbao, Pa√≠s Vasco;@barsingular,#couscous,nuevo,pintxo,Delicioso,http://t.co/PpfH1VyK2l
Mon Mar 30 15:18:11 CEST 2015;aaidafonseca;Barcelona;Comer,#tupper,comprado,nivel,DIOS,#couscous,#lidl,#ensaladita,#compis,#monday,Estudi,De‚Ä¶,https://t.co/lgsFaqygPU
Mon Mar 30 14:22:54 CEST 2015;gemsinlove;Hereford;#butternut,#squash,#couscous,#salad,was,yum,https://t.co/GhgSuBoyfC
Mon Mar 30 14:00:12 CEST 2015;senegallife;Senegal;Photo,Comment,ginger_people_and_food,said,‚Äú#ginger,#africanfood,#couscous,#senegal,#morocco,#africa,http://t.co/A1PPuGkCQy
Mon Mar 30 12:37:22 CEST 2015;TeaEnvyWBlack;Czech Republic;Cous,cous,with,tomatoes,spring,onion,cheese,and,egg,üòäüëå,#easylunch,#healthy,#iguess,#couscous‚Ä¶,https://t.co/xvdrnvGkce
Mon Mar 30 10:32:35 CEST 2015;LoCrown;I LOVE MY SARDINIA;@SardegnaG,#Ricette,#Sardegna,#Couscous,frutti,mare,#tavola,#sardolicius,http://t.co/oqQqBPw1Tb
Mon Mar 30 08:19:30 CEST 2015;Feastinatray;Mumbai;This,week's,#exotic,#dish,#Couscous,from,the,#Western,#Kingdom,#Morocco,#Food,#Mumbai,#24x7Delivery,http://t.co/WyFekrn0bd
Mon Mar 30 05:08:40 CEST 2015;bethanyamato;everywhere your not ;Such,yummy,dinner,#homemade,#dinnner,#sundaydinner,#subdayfunday,#shrimp,#cumin,#couscous,#lemon‚Ä¶,https://t.co/6g9Us0w9lP
Mon Mar 30 04:26:11 CEST 2015;ogwhitejuicyj;austin tx - houston tx;Smoked,snapper,greens,and,couscous,#smokeitup,#smoked,#greens,#snapper,#couscous‚Ä¶,https://t.co/zWvrcVHTM3
Mon Mar 30 04:23:48 CEST 2015;mr300sandwiches;NYC;made,rack,#lamb,with,#couscous,spicy,#yogurt,and,#tomato,#confit,for,the,bride,tonight‚Ä¶,https://t.co/woTpepMAGm
Mon Mar 30 04:07:17 CEST 2015;singleserving;Los Angeles;#Capers,#Couscous,#Spring,Menu,#BarbaraThrewDOWN,#ChefLife,#SingleServing,https://t.co/gbZ0jdu2y0
Mon Mar 30 03:28:38 CEST 2015;donnasheryl;;Couscous,with,lots,love,kalamata,olives,basil,dill,onions,lemon,juice,#couscous,#fresh,https://t.co/vp6v7SxnY2
Mon Mar 30 02:46:41 CEST 2015;TheNickZajac;Twin Cities, Minnesota;Dinner,#Roast,Pork,Tenderloin,#Balsamic,Pan,Sauce,and,Vegetable,#Couscous,https://t.co/ke8sVA5jwy
Mon Mar 30 02:23:48 CEST 2015;3in1Eliminator;USA;@CarmenVarner,Try,this,#Healthy,Recipe,Cumin,#Chickpeas,#Couscous,delicious,#vegetarian,read,here,http://t.co/AMqtRMY8Sr,üç≤üòä,#Veg‚Ä¶
Mon Mar 30 01:57:21 CEST 2015;RamellesCater4U;Raleigh, NC;Brownstew,Lamb,w/Vegetable,Coucous,and,sauteed,Kale,Bok,Choy,and,Spinach,#lamb,#mushroom,#couscous‚Ä¶,https://t.co/DcUPe42eSm
Mon Mar 30 01:41:49 CEST 2015;CarmenVarner;San Diego;#HealthyRecipe,Cumin,#Chickpeas,#Couscous,#vegetarian,recipe,Read,recipe,here,http://t.co/AMqtRMY8Sr,üç≤üòä,#Vegan,#fitspo,#fitfam
Mon Mar 30 01:23:32 CEST 2015;CarmenVarner;San Diego;Try,this,#Healthy,Recipe,Cumin,#Chickpeas,#Couscous,delicious,#vegetarian,read,here,http://t.co/AMqtRMY8Sr,üç≤üòä,#Vegan,#fitfam
Mon Mar 30 01:18:58 CEST 2015;ADKGlenn;Saranac Lake, NY;Chicken,thigh,#asparagus,#couscous,#sunday,#churchoffood,#amen,https://t.co/PzGB2FuPsh
Mon Mar 30 00:47:07 CEST 2015;jmegalvez;Lima, Per√∫ ;Receta,para,rico,cous,cous,#couscous,#recipe,#healthy,#healthyfood,https://t.co/LropUvMiW6
Mon Mar 30 00:19:06 CEST 2015;EduardoHaiek;;Men√∫,arepas,colifror,falso,#Couscous,igual,Coliflor,platanos,infusionados,con,anis‚Ä¶,https://t.co/O0xuSTBEu8
Mon Mar 30 00:00:07 CEST 2015;FoodPorn_MX;Guadalajara, M√©xico;@Doughgasm,Saffron,and,raisin,couscous,for,sun-drenched,Sunday,afternoon,#couscous,#lunch,#foodporn,https://t.co/eBR4sf71H6
Sun Mar 29 23:57:01 CEST 2015;Doughgasm;Los Angeles, California;Saffron,and,raisin,couscous,for,sun-drenched,Sunday,afternoon,#couscous,#lunch,#foodporn,https://t.co/eBR4sf71H6
Sun Mar 29 23:17:28 CEST 2015;RabzouzaW;Rouen/Wsl ;@Baat_Gang,J'blague,pas,quand,j'mange,couscous,moi,j'prends,pas,une,assiette,haha,#Couscous,http://t.co/TUrQZ1TWXJ
Sun Mar 29 23:14:38 CEST 2015;Bitchissimement;Rouen ‚úàÔ∏è Milano;@Baat_Gang,J'blague,pas,quand,j'mange,couscous,moi,j'prends,pas,une,assiette,haha,#Couscous,http://t.co/TUrQZ1TWXJ
Sun Mar 29 22:53:29 CEST 2015;ronnyparis;Paris;#couscous,#faitmaison,#housemade,#dejeuner,#lunch,#sunday,#foodporn,#dimanche,#hapiness,#smile‚Ä¶,https://t.co/AvM082ig7u
Sun Mar 29 21:11:19 CEST 2015;rararana;Mancunia ;#nofilter,masterpiece,easy,make,#couscous,#sweetcorn,#scrambledegg,Taste,sensational,Can‚Ä¶,https://t.co/UfiE3Frquv
Sun Mar 29 21:01:18 CEST 2015;ShyRetiringType;Halesowen, West Midlands.;#MEAT,Lebanese,Kofta,with,falafel,and,cous,cous,Incredibly,tasty,#kofta,#falafel,#couscous‚Ä¶,https://t.co/UsbGgFMyXR
Sun Mar 29 20:06:27 CEST 2015;nirvanapazmx;mx;Ma√±ana,domingo,#couscous,#cat,https://t.co/4xA50iuYy0
Sun Mar 29 20:00:31 CEST 2015;miralles1980;Amsterdam Zuidost, Holanda;@chefmiralles,Probando,una,nueva,#receta,#couscous,#pollo,ver,que,tal,Experimenting,with,new‚Ä¶,https://t.co/ogMo2o2nU2
Sun Mar 29 19:58:21 CEST 2015;chefmiralles;Marbella;Probando,una,nueva,#receta,#couscous,#pollo,ver,que,tal,Experimenting,with,new‚Ä¶,https://t.co/ogMo2o2nU2
Sun Mar 29 19:54:00 CEST 2015;matthieudegeest;Charleroi;üòéÛæ¨èÛæ∞ó,#tv,#couscous,#love,http://t.co/4gfRWaoj6H
Sun Mar 29 18:55:56 CEST 2015;donnasheryl;;#photogrid,#Life,#donlimonetagaytay,#homemade,#realorganicliving,#freshfish,#couscous,#herbs‚Ä¶,https://t.co/x5jflHYpav
Sun Mar 29 18:51:01 CEST 2015;DeliciousShots;New York;Rolling,couscous,#food,#foodphotography,#foodstyling,#photography,#deliciousshots,#couscous,https://t.co/iqI3HAYLAl
Sun Mar 29 18:39:47 CEST 2015;markbovenkerk;Cuijk;Geniale,Griekse,#kip,met,#couscous,uit,@jamieOliver,minuten,zeg,#eetsmakelijk,https://t.co/eeplwEOZS7
Sun Mar 29 18:31:44 CEST 2015;lovejpeaks;Ontario, Canada;little,post,#workout,lunch,sandwich,plate,#downsize,#Foodporrn,#salmon,#broccoli,#couscous,#yummy,http://t.co/R0yxK06GXY
Sun Mar 29 17:57:17 CEST 2015;Bos8ter;;@AnitaLewys,@Aquarius100262,Dan,gaan,maar,eens,aan,#Couscous,Mijn,neusvleugeltjes,wapperen,Hmmmmmmmm
Sun Mar 29 17:38:21 CEST 2015;GordoTrulyYours;Boston, MA;Veg,Option...#HealthIsWealth,#BroccoliAndGarlic,#CousCous,#SoulFood,#4216,https://t.co/Fw6vnJVyVm
Sun Mar 29 17:24:51 CEST 2015;Healthysisterss;facebook.com/HealthySistersNL;¬©ous¬©ous,#couscous,#seffa,#moroccandish,#traditional,#meal,#homemade,#selfmade,#moroccancuisine‚Ä¶,https://t.co/ggGY6IMVml
Sun Mar 29 16:46:02 CEST 2015;_in_;nantes / toulouse / paris / ex-brooklyn;@dianelebel,toutes,fa√ßons,peux,plus,bouger,#couscous
Sun Mar 29 15:57:43 CEST 2015;IbrahimNvd;S-Q | Lille;#couscous,üòÇüëå
Sun Mar 29 15:50:19 CEST 2015;InstMontpellier;France;#couscous,#day,#dimanche,hadilfajraoui,http://t.co/pYSGmfEQcZ,http://t.co/Gyn3ECiYEz
Sun Mar 29 15:42:17 CEST 2015;IslamBenn;;@TiboInShape,essaye,faire,cheatmeal,marocain,#couscous,#tajine,BOOOOOOM
Sun Mar 29 15:28:11 CEST 2015;EugnieLe;Paris;Couscous,Homemade,#couscous,#food,#goodfood,#instafood,#foodstagram,https://t.co/VDQ0NhWBp9
Sun Mar 29 15:05:07 CEST 2015;Bos8ter;;Prima,weer,vandaag,voor,#Couscous,met,een,heerlijke,#Stoofpot,van,biologisch,rundvlees,een,#GroentenTajine
Sun Mar 29 15:02:32 CEST 2015;CouscousOff;Strasbourg - Marais ;C'est,plaisirs,pour,moi,crmnt,ahah,#Couscous,http://t.co/65jGFuRecE
Sun Mar 29 14:22:01 CEST 2015;anthonaldo;;Repu,#dimanche,#couscous,#merguez,http://t.co/8GEbdgqq0M
Sun Mar 29 14:15:32 CEST 2015;chefocuisine;;Recette,#couscous,#br√©silien,poulet,aux,l√©gumes,(Br√©sil),http://t.co/bMlCg9mQR7
Sun Mar 29 13:56:38 CEST 2015;Git_Scar_Destin;|@__Offiria 23‚ô•|;#tumblr,#instagram,#swag,#couscous,http://t.co/5ZYNKR53L1
Sun Mar 29 13:10:28 CEST 2015;imane_yousfi;courcelles-les-lens;#couscous
Sun Mar 29 12:54:19 CEST 2015;berniedfl;Belgium;#couscous,#sleepy,#bear,#lazysunday,https://t.co/IJPuMn0gVe
Sun Mar 29 12:11:51 CEST 2015;ManessLV;;#couscous,today
Sun Mar 29 11:31:51 CEST 2015;foodgroup2243;;Stuffed,Peppers,with,Couscous,Ground,Turkey,http://t.co/8cZ7GZWeT6,#stuffed_peppers,#couscous,#ground_turkey,http://t.co/raemVEU6Xz
Sun Mar 29 10:59:35 CEST 2015;IteNovas;;#Ricette,#Sardegna,#Couscous,frutti,mare,#tavola,#sardolicius,http://t.co/1pol9w6r87
Sun Mar 29 10:59:24 CEST 2015;Orangeskies73;;#Ricette,#Sardegna,#Couscous,frutti,mare,#tavola,#sardolicius,http://t.co/3SQg7sUoxM
Sun Mar 29 10:58:23 CEST 2015;SardegnaG;;#Ricette,#Sardegna,#Couscous,frutti,mare,#tavola,#sardolicius,http://t.co/oqQqBPw1Tb
Sun Mar 29 10:42:13 CEST 2015;chefocuisine;;Recette,#couscous,#br√©silien,poulet,aux,l√©gumes,(Br√©sil),http://t.co/bMlCg9mQR7
Sun Mar 29 07:15:06 CEST 2015;ErrikaCee;#NW #PDX;Dinner,tonight,#balsamicchx,#couscous,#roastedpotatoessnappeaspeppers,#bombdotcom,#domesticasfux‚Ä¶,https://t.co/DO4M2FCtvr
Sun Mar 29 05:34:55 CEST 2015;momo87sidney;Japan;Couscous,with,tomato,sauce:),#couscous,#„ÇØ„Çπ„ÇØ„Çπ,https://t.co/7YvWhuVyq5
Sun Mar 29 05:03:08 CEST 2015;danzsir;pa;#amazing,#couscous,#brusselsprouts,#lamb,The,Titlow,Tavern,and,Grille,https://t.co/wKWC0iOC6U
Sun Mar 29 03:35:22 CEST 2015;JasonCamiolo;#PHX ‚Ä¢ #NY ‚Ä¢ #LA;#Grilled,#Eggplant,#Zucchini,Italian,#Squash,#Roasted,#Peppers,and,#Tomato,#Couscous,and‚Ä¶,https://t.co/m9BDIvJ2cf
Sun Mar 29 01:43:22 CET 2015;harly_221;ShortVine Clifton 513 221 080;#Couscous,https://t.co/PwWeVyZB6u
Sun Mar 29 01:28:01 CET 2015;CouscousOff;Strasbourg - Marais ;Une,v√©rit√©,ahah,Ûæå¥Ûæå¥,#Couscous,http://t.co/6bNvadxnLK
Sun Mar 29 00:55:59 CET 2015;Srz_Anissa;Paris;@MangueDeBol_,portes,poisse,#sorci√®re,#pute,#couscous,#mamadoudiakit√©
Sun Mar 29 00:39:04 CET 2015;chefocuisine;;Recette,#couscous,#kabyle,mouton,(agneau),cardons,navets,pois,chiches,carottes,(Alg√©rie),http://t.co/NJN3nxPSEz
Sun Mar 29 00:18:47 CET 2015;Amberor;;Recette,#couscous,#br√©silien,poulet,aux,l√©gumes,(Br√©sil),http://t.co/Xs8xrJIBlI
Sun Mar 29 00:09:26 CET 2015;Amberor;;Recette,#couscous,#kabyle,mouton,(agneau),cardons,navets,pois,chiches,carottes,(Alg√©rie),http://t.co/plC74KMOBN
Sat Mar 28 23:06:21 CET 2015;ShoppingWoman1;New York;@LaurenBlack8D,This,was,#delicious,#snack,from,@Nordstrom,#couscous,#onion,#mandarin,#yummy,#foodies,#food,#bite,#shopping,http://t.c‚Ä¶
Sat Mar 28 23:05:50 CET 2015;LaurenBlack8D;FLORIDA ;This,was,#delicious,#snack,from,@Nordstrom,#couscous,#onion,#mandarin,#yummy,#foodies,#food,#bite,#shopping,http://t.co/v1fwcoCU4h
Sat Mar 28 22:45:20 CET 2015;Nutella_Tasha;England;@DigbethDiner,never,disappoints,#FreshRoots,#Curry,#Dairyfree,#Vegan,#Yummy,#Beetroot,#Coconut,#CousCous,#Pakora,http://t.co/cdi0yJ23u7
Sat Mar 28 21:52:38 CET 2015;LaKiffance;;Kiff,Ch√©rie,t'aime,Ch√©rie,t'adore,#couscous,#cherie,#kiffance,http://t.co/N0iEj2KuFa
Sat Mar 28 20:28:23 CET 2015;Baat_Gang;Rouen;J'blague,pas,quand,j'mange,couscous,moi,j'prends,pas,une,assiette,haha,#Couscous,http://t.co/TUrQZ1TWXJ
Sat Mar 28 19:46:11 CET 2015;antgalaxys4;Manchester, United Kingdom;Lovely,Lunch,#couscous,#onion,#peppers,#cucumber,#tomato,#grapes,#feta,#fresh,#healthy,#food,https://t.co/0hp9AMjfV8
Sat Mar 28 18:48:02 CET 2015;talponibus;;Italia,tavola,#Bari,#ciole,#couscous,http://t.co/Kj44j86X01
Sat Mar 28 18:20:21 CET 2015;thisismp;London;afternoon,the,kitchen,fresh,mint,and,#couscous,salad,with,roast,chicken,@bbcgoodfood,@jamiemagazine,http://t.co/A6O2vR0hrs
Sat Mar 28 17:57:34 CET 2015;inspiredlyfit;;http://t.co/OqmuJUlRtC,#fitness,#workout,#gymrat,Couscous,#couscous,#healthy,#fitness,#fit,#healthyfood,#feta,#small,#cleanfood‚Ä¶
Sat Mar 28 17:53:55 CET 2015;pam1951diva;West Jordan,, UT;Roasted,Avocado,Over,Mixed,Lettuce,and,Couscous,reclaimingyourcastle,#Salad,#Avocado,#Couscous,http://t.co/AOe5pt9lxu
Sat Mar 28 17:46:11 CET 2015;drpros;Las Vegas, NV;#puttanescachicken,#couscous,#food,#foodporn,#yum,#instafood,#TagsForLikes,#yummy,#amazing,#instagood‚Ä¶,https://t.co/gCaX967xzQ
Sat Mar 28 17:43:31 CET 2015;berniedfl;Belgium;#couscous,#lazysaturday,https://t.co/PDc7FUpjzL
Sat Mar 28 17:10:13 CET 2015;PJ;Newcastle upon Tyne;@Carole29,@minxlj,don't,see,why,not,Tagine,isn't,that,far,from,curry,and,it's,natural,partner,#couscous
Sat Mar 28 16:14:41 CET 2015;macla63;Argentina;Strudel,salm√≥n,con,couscous,vegetales,frescos.Placer!!!#salad,#fish,#vegetables,#couscous,https://t.co/mbwtMki1al
Sat Mar 28 16:01:17 CET 2015;Shakeintoshape;South Wales, UK;Stuffed,after,lunch,with,the,kids,üòã219,calories,25g,#protein,fat,#turkey,#peppers,#couscous‚Ä¶,https://t.co/q9Q1pwMXRM
Sat Mar 28 15:28:00 CET 2015;IyaMalhotra;Singapore;Mediterranean,platter,anyone,#food,#Singapore,#humus,#pita,#mediterranean,#babaghanoush,#couscous,https://t.co/3ovBiqpuob
Sat Mar 28 15:02:16 CET 2015;AlessiFoods;Tampa, Florida ;Chicken,#Couscous,#Salad,great,way,use,leftover,chicken,Click,here,for,the,#recipe,http://t.co/LPOqWj3nqw
Sat Mar 28 14:32:19 CET 2015;sophielamodeuse;Paris-Lyon;avant,go√ªt,avant,notre,s√©jour,Marrakech,mai,prochain,#couscous,#paris,#yummy,#moroccan‚Ä¶,https://t.co/W3T15ODAGv
Sat Mar 28 14:32:11 CET 2015;SouthernChef123;;MosaicNAfrica,Enormous,mound,#delicious,#couscous,#FEZ,#Morocco,#cooking,#food,#taste,#travelpics,#travel,http://t.co/z6TVilmWFl
Sat Mar 28 14:24:08 CET 2015;MosaicNAfrica;Canada;Enormous,mound,#delicious,#couscous,#FEZ,#Morocco,#cooking,#food,#taste,#travelpics,#travel,http://t.co/DKb4XyeEBZ
Sat Mar 28 14:21:13 CET 2015;safaelhaz;;#couscous,#weekend,http://t.co/MJxzgFUshF
Sat Mar 28 14:01:17 CET 2015;chefocuisine;;Recette,#couscous,#kabyle,mouton,(agneau),cardons,navets,pois,chiches,carottes,(Alg√©rie),http://t.co/NJN3ny7u39
Sat Mar 28 13:57:51 CET 2015;heilbronnpix;Heilbronn, Germany;Wanna,have,this,right,now,for,lunch,#couscous,with,grilled,#veggies,#zucchinispaghetti,https://t.co/JmFvyFLIxu,http://t.co/S7x4bFYAUY
Sat Mar 28 13:32:06 CET 2015;SardegnaG;;#Ricette,#Sardegna,#Couscous,frutti,mare,#tavola,#sardolicius,Couscous,PLUS,Bottarga,Cucina,Sarda,http://t.co/w3dl2BKn81
Sat Mar 28 13:30:10 CET 2015;Orangeskies73;;#Ricette,#Sardegna,#Couscous,frutti,mare,#tavola,#sardolicius,http://t.co/ubkStJWeba
Sat Mar 28 13:22:31 CET 2015;vickygvalino;Palma de Mallorca;#cauliflower,#couscous,#vegan,#sabormallorca,#healthylife,#kaylaitsines,#bbg,#flowers,#spring,Nos‚Ä¶,https://t.co/Cy3fdCsCJu
Sat Mar 28 13:15:28 CET 2015;IteNovas;;#Ricette,#Sardegna,#Couscous,frutti,mare,#tavola,#sardolicius,@ricettesardegna,@Ricette20,@CriticoCinema,http://t.co/sDNPg6eiR4
Sat Mar 28 13:15:16 CET 2015;SardegnaG;;#Ricette,#Sardegna,#Couscous,frutti,mare,#tavola,#sardolicius,@ricettesardegna,@Ricette20,@CriticoCinema,http://t.co/U7sYXfHbk6
Sat Mar 28 13:15:13 CET 2015;SardegnaG;;#Ricette,#Sardegna,#Couscous,frutti,mare,#tavola,#sardolicius,@cucinaericette1,@giulia_ceschi,@karasardegna,http://t.co/5ZgDlPGeV9
Sat Mar 28 13:15:11 CET 2015;IteNovas;;#Ricette,#Sardegna,#Couscous,frutti,mare,#tavola,#sardolicius,@cucinaericette1,@giulia_ceschi,@karasardegna,http://t.co/wJwH5YCi7L
Sat Mar 28 12:57:51 CET 2015;Kircri;;#couscous,#quinoa,con,mix,cereali,legumi,colorato,alla,#curcuma,https://t.co/IiMQZ7lI5y
Sat Mar 28 11:42:47 CET 2015;Amberor;;Recette,#couscous,#br√©silien,poulet,aux,l√©gumes,(Br√©sil),http://t.co/Xs8xrJIBlI
Sat Mar 28 11:23:26 CET 2015;PalateCulinary; Palate Culinary Studio;Today's,#Bbq,table,#Mediterranean,#prawns..on,bed,jewelled,#couscous,http://t.co/ZSIzTrB7Tl
Sat Mar 28 10:04:56 CET 2015;lalyanou;;s≈ìur,ferait,mieux,taire,parfois,#couscous,#LRT
Sat Mar 28 08:49:58 CET 2015;GarrigouJules;http://ask.fm/jules47500;@leonnaboo,Ici,grossit,vitesse,#4G,#Marrakech,#couscous,#AlloNabilla,http://t.co/T0RKOjI6Dc
Sat Mar 28 06:26:25 CET 2015;rafaeltmoros;;@ThisIsGaZa,helped,wife,prepare,maftoul,for,people,today,This,Mount,Maftoul,#maftoul,#couscous,http://t.co/dUflieBcaD
Sat Mar 28 06:06:16 CET 2015;jessecastaldi;Merica;Best,part,Pineapple,Express,Everything,@Sethrogen,says,going,happen,actually,100%true,#couscous,foodso,nice,they,named,twice
Sat Mar 28 03:36:51 CET 2015;amberminter28;Dallas, Tx;#Dinner,#salmon,#couscous,#roastedbroccoli,#yummm,https://t.co/r0KU7uFTxi
Sat Mar 28 03:17:37 CET 2015;dimito15michiyo;;#HokkaidoScallop,Roasted,Israeli,#CousCous,Curied,#Coconut,#Cream,#OSIASG,#osia,#savour2015‚Ä¶,https://t.co/bc8hQrQURt
Sat Mar 28 02:06:04 CET 2015;PYjdx6adntsLMMp;;@Oshima__Yuko,Couscous‰Ωú„Å£„Åü„Çà,„Éõ„É≥„Éà„ÅØ„Ç≠„Éå„Ç¢È£ü„Åπ„Åü„ÅÑ,#Couscous,http://t.co/9DBqlu0i2Z
Sat Mar 28 01:46:29 CET 2015;KabraSolh;;est,byyen,#Bulgarianstyle,#Couscous,#ÿ¥ÿπÿ®Ÿä,#LAJOIE,#LoveLove,https://t.co/1PT3XHxz5Z
Sat Mar 28 01:42:07 CET 2015;realwoj85;Boston via Chicago;Legit,could,eat,this,everyday,#beets,#thaipeanut,#tofu,#cranberry,#pomegranate,#couscous‚Ä¶,https://t.co/yiI0IET7UC
Sat Mar 28 01:30:15 CET 2015;FoodieTimes1;West Lafayette, IN;@somoroccan,#Couscous,beginner‚Äôs,Guide,with,#cooking,Tips,and,#Recipes,#cuisine,#foodie,#yum,#vegetarian,#foodwinewomen,http://t.c‚Ä¶
Sat Mar 28 01:28:45 CET 2015;somoroccan;Florida, USA;#Couscous,beginner‚Äôs,Guide,with,#cooking,Tips,and,#Recipes,#cuisine,#foodie,#yum,#vegetarian,#foodwinewomen,http://t.co/ZE0etyDLfE
Sat Mar 28 00:15:17 CET 2015;BarbaraMcDWhitt;Kansas City, MO/Alexandria, VA;@specialforksndy,Mint,Pesto,Couscous,Special,Fork,http://t.co/sgJHz23k5R,#ldeigreenfoodfun,#couscous,#recipe,#vegetarian,#pesto,htt‚Ä¶
Fri Mar 27 23:54:17 CET 2015;Amberor;;Recette,#couscous,#kabyle,mouton,(agneau),cardons,navets,pois,chiches,carottes,(Alg√©rie),http://t.co/plC74KMOBN
Fri Mar 27 23:30:12 CET 2015;ChouAlger;;#Couscous,#Jum3a,#Maman,#Famille,#Taider,http://t.co/E7bRdNIr1D
Fri Mar 27 23:04:13 CET 2015;LoolysPearls;Boston, MA;What,wonderful,dinner,are,having,#greek,#salad,with,#LoolysPearls,#couscous,twist,Can't‚Ä¶,https://t.co/Q2Kpf8i8VM
Fri Mar 27 21:50:57 CET 2015;PurpleCarrotXO;Boston MA;#Plantbased,#tacos,#couscous,#curry,and,#pasta,Could,this,menu,anymore,irresistible,http://t.co/MZpeZScLWa,http://t.co/sMYmvTMDdI
Fri Mar 27 21:48:30 CET 2015;thpbradshaw;Essex;#chipotle,and,#lime,#chicken,with,#couscous,https://t.co/S52CxwJ6PB
Fri Mar 27 21:48:28 CET 2015;EatMe_MonRoe;London UK;#GrilledSardines,#Couscous,#Avocado,#Kale,#HariotBeans,#Sweetcorn,#BlackOlives,#FetaCheese‚Ä¶,https://t.co/qu6jajbn50
Fri Mar 27 21:29:48 CET 2015;MarcusAndrews23;Columbus -- Granada;Turns,out,Berber,clothing,pretty,comfy,#SmileWithYourEyes,#Couscous,Medina,F√®s,Morocco,https://t.co/AndXrUhpR2
Fri Mar 27 21:19:56 CET 2015;DuncanMackay;;@helenjmackay,Not,really,football,dinner,but,@DuncanMackay,ate,most,with,red,wine,#sophisticated,#couscous,http://t.co/IHQkTD‚Ä¶
Fri Mar 27 21:19:42 CET 2015;helenjmackay;;Not,really,football,dinner,but,@DuncanMackay,ate,most,with,red,wine,#sophisticated,#couscous,http://t.co/IHQkTDB9ck
Fri Mar 27 21:16:45 CET 2015;SalSeduce;Newcastle upon Tyne;@samsalsa83,Clean,eating,service,station,#wholewheat,#clean,#couscous,#seeds,#kalesmoothie,#schooltrip,https://t.co/WbPYoXkLfO
Fri Mar 27 21:01:21 CET 2015;upsadaisy3;;@ThisIsGaZa,helped,wife,prepare,maftoul,for,people,today,This,Mount,Maftoul,#maftoul,#couscous,http://t.co/dUflieBcaD
Fri Mar 27 21:01:08 CET 2015;samsalsa83;Stockton-On-Tees - UK;Clean,eating,service,station,#wholewheat,#clean,#couscous,#seeds,#kalesmoothie,#schooltrip,https://t.co/WbPYoXkLfO
Fri Mar 27 20:54:11 CET 2015;Man4Palestine;;@ThisIsGaZa,helped,wife,prepare,maftoul,for,people,today,This,Mount,Maftoul,#maftoul,#couscous,http://t.co/dUflieBcaD
Fri Mar 27 20:38:54 CET 2015;donchefbunny;Tobyhanna, PA;@ArtandSoulDC,@ChefArtSmith,@AngryChefSauce,This,too,delicious,Yummy,#Salmon,#Brusselsprouts,and,believe,#pinenuts,#Couscous
Fri Mar 27 20:30:19 CET 2015;kerrierouy;University of Sussex;Colourful,dinner,with,@megzok,#lovethisgirl,#couscous,#vegetables,#quorn,#colours,https://t.co/HfoCae40eA
Fri Mar 27 20:05:15 CET 2015;5kinds_of_rice;in the Kitchen;Malaysian,style,#porkbelly,#couscous,#falafel,#roast,peppers,#dinner,#food,this,was,yummy,http://t.co/rxw5MyB4gh
Fri Mar 27 18:10:45 CET 2015;Bumble_Bee1988;;Couscous,üòùüôä,Thank,You,#couscous
Fri Mar 27 17:59:49 CET 2015;a_zflow;Maroc;Best,couscous,ever,thanks,mom,#couscous,#coscos,#Friday,#jomoa,#morocco,#mohammedia,#food,#cooking‚Ä¶,https://t.co/09sgSHilED
Fri Mar 27 17:15:54 CET 2015;debbierice55;Vancouver, BC;@ThisIsGaZa,helped,wife,prepare,maftoul,for,people,today,This,Mount,Maftoul,#maftoul,#couscous,http://t.co/dUflieBcaD
Fri Mar 27 16:45:14 CET 2015;XxAmy80xX;;Lunch,#prawns,#salad,#healthy,#eating,#couscous,https://t.co/no0wfglboh
Fri Mar 27 14:41:16 CET 2015;HealthSharer;;@sammi_jo110,After,wks,bingeing&the,wknd,coming,up...some,#healthy,food,#veg,#couscous,make,feel,better!‚Ä¶,https://t.co/xA6NV7P‚Ä¶
Fri Mar 27 14:35:43 CET 2015;ichangemyfood;Worldwide;@sammi_jo110,After,wks,bingeing&the,wknd,coming,up...some,#healthy,food,#veg,#couscous,make,feel,better!‚Ä¶,https://t.co/xA6NV7P‚Ä¶
Fri Mar 27 14:35:43 CET 2015;sammi_jo110;;After,wks,bingeing&the,wknd,coming,up...some,#healthy,food,#veg,#couscous,make,feel,better!‚Ä¶,https://t.co/xA6NV7PKck
Fri Mar 27 14:03:01 CET 2015;MedAmineT;Marrakech;couscous,time,ÿ®ÿßŸÑÿµÿ≠ÿ©,ÿßŸÑÿ±ÿßÿ≠ÿ©,#couscous,#lunch,#marrakech,#magic,#morocco,#tradition,@Home,https://t.co/ekHQiKjB2D
Fri Apr 03 18:32:26 CEST 2015;macuisineorient;;#Tajine,#canard,aux,abricots,aux,raisins,#Recettes,#Cuisine,http://t.co/aW31GcZdsS,http://t.co/qAmKQAUJtO
Fri Apr 03 18:30:35 CEST 2015;TLMPLFcuisine;Paris;Bonsoir,tous,vous,propose,#tajine,d'agneau,artichaut,petit,pois,vrai,r√©gal,#recette,marocaine,http://t.co/TD8RsIQQge
Fri Apr 03 15:34:26 CEST 2015;cafe_kessabine;;#cappuccino,#cafe,#cafeaulait,#cafekessabine,#cafeshop,#qessabine,#restaurant,#restaurantmarrakech,#Th√©,#Tajine,http://t.co/jAnWMfVy0Z
Fri Apr 03 11:02:27 CEST 2015;virginiebalijon;france, toulouse;Tajine,progress,#tajine,#poulet,#food,#instafood,#faitmaison,#homemade,#cuisine,#platfamilial‚Ä¶,https://t.co/VPAjMjsiI9
Fri Apr 03 02:42:22 CEST 2015;Amberor;;Recette,#tajine,#mrouzia,l'#agneau,plat,#traditionnel,A√Ød,(Maroc,Pakistan,Tunisie),http://t.co/PguqUDSvht
Fri Apr 03 01:13:01 CEST 2015;nanoushka_7;;@SaidTaghmaoui,#Agadir,#chleuh,#tajine,#plage,#soleil,#poisson,#taghazout,eeet,#maazi,qui,dit,mieux,love,Bled,üòç&,@SaidTaghmaoui
Thu Apr 02 22:38:53 CEST 2015;BaytiCuisine;;Tajine,crevettes,courgettes,http://t.co/C6k6DQq6B2,#tajine,http://t.co/ahzVoKEIB2
Thu Apr 02 20:34:47 CEST 2015;schomberg;Cologne - Germany;Derzeit,sehr,empfehlen,H√§hnchen-#Tajine,mit,Artischockenherzen,und,eingelegter,Zitrone,#blauerkoenig
Thu Apr 02 19:30:47 CEST 2015;BloemAmstelveen;Amstelveen;@Eric_Hartman_,#Kip,#tajine,met,zoete,aardappel,pruimen,kaneel,koriander,aubergine,een,fles,Falchetto,@BloemAmstelveen,http:/‚Ä¶
Thu Apr 02 19:30:13 CEST 2015;Eric_Hartman_;Amstelveen;#Kip,#tajine,met,zoete,aardappel,pruimen,kaneel,koriander,aubergine,een,fles,Falchetto,@BloemAmstelveen,http://t.co/pviRBCACv3
Thu Apr 02 17:21:05 CEST 2015;chefocuisine;;Recette,#poulet,fa√ßon,#tajine,aux,abricots,secs,pruneaux,√©pic√©,http://t.co/kw8USnC52e
Thu Apr 02 11:04:35 CEST 2015;PopoteetNature;France;pour,#Paques,avec,#agneau,#poitoucharentes,faisait,#tajine,pour,changer,#Vienne86,http://t.co/60Y0GM2znW,http://t.co/E9anBuiQtw
Thu Apr 02 09:18:19 CEST 2015;Cyrilmasterchef;Paris;Gigot,d'agneau,manchonn√©,vais,faire,fa√ßon,tajine,#tajine,#agneau,#paques,#maroc‚Ä¶,https://t.co/eJa5GRruRz
Thu Apr 02 06:18:26 CEST 2015;chefocuisine;;Recette,#tajine,#mrouzia,l'#agneau,plat,#traditionnel,A√Ød,(Maroc,Pakistan,Tunisie),http://t.co/d7xWXZBiNU
Wed Apr 01 21:20:10 CEST 2015;FoodPorn_MX;Guadalajara, M√©xico;@michygaro,Colore,cucina,Marrakech,con,@bi_wonderland,@moroccoexpo2015,#morocco,#food,#igersfood,#foodporn,#tajine,http://t.co/‚Ä¶
Wed Apr 01 21:15:04 CEST 2015;michygaro;From Florence to the world;Colore,cucina,Marrakech,con,@bi_wonderland,@moroccoexpo2015,#morocco,#food,#igersfood,#foodporn,#tajine,http://t.co/RB9hFQ1zsE
Wed Apr 01 20:21:33 CEST 2015;Amberor;;Recette,#poulet,fa√ßon,#tajine,aux,abricots,secs,pruneaux,√©pic√©,http://t.co/lDE1aYWtjW
Wed Apr 01 18:48:12 CEST 2015;FoodieTimes1;West Lafayette, IN;@Bettina_MF,How,adorable,this,mini,#tajine,#foodie,Privium,ClubLounge,https://t.co/Md8DbjgaD1
Wed Apr 01 18:47:38 CEST 2015;Bettina_MF;Amsterdam;How,adorable,this,mini,#tajine,#foodie,Privium,ClubLounge,https://t.co/Md8DbjgaD1
Wed Apr 01 18:25:41 CEST 2015;PassionPoulet;;#Recette,Jacquete,Monika,@Amberor,Recette,#poulet,fa√ßon,#tajine,aux,abricots,secs,pruneaux,√©pic√©,‚Ä¶ree,http://t.co/kjCQvCEHnr
Wed Apr 01 18:00:47 CEST 2015;nien_art;marrakech, gueliz;New,#artwork,moroccan,#tajine,@nien_art,#marrekech,#gueliz,http://t.co/5FnbrEVvJW
Wed Apr 01 17:21:12 CEST 2015;Amberor;;Recette,#poulet,fa√ßon,#tajine,aux,abricots,secs,pruneaux,√©pic√©,http://t.co/lDE1aYWtjW
Wed Apr 01 12:03:51 CEST 2015;SassyAustralia;;#moroccan,mint,#tea,lamb,#tajine,#taboon,#varsitylakes,#middleeastern,#delish,#yum,#dining‚Ä¶,https://t.co/UkLDOf7h7Q
Wed Apr 01 02:22:27 CEST 2015;cziizi;;Proud,new,owner,#tajine,Putting,good,use,with,some,ox-tails,http://t.co/XQrUg2a5de
Wed Apr 01 00:24:47 CEST 2015;Amberor;;Recette,#tajine,#mrouzia,l'#agneau,plat,#traditionnel,A√Ød,(Maroc,Pakistan,Tunisie),http://t.co/PguqUDSvht
Tue Mar 31 19:44:20 CEST 2015;FCBke;Sint-Jan-in-Eremo;Nieuw,keukengerief,üç¥#tajine,#emilehenry,https://t.co/g4P8H7DnsY
Tue Mar 31 17:58:20 CEST 2015;saskiaweb;Rotterdam;Dit,was,een,groot,succes,Heerlijk,#tajine,https://t.co/jzoakypUXM
Tue Mar 31 17:18:34 CEST 2015;PassionPoulet;;#Recette,chefocuisine,@chefocuisine,Recette,#poulet,fa√ßon,#tajine,aux,abricots,secs,pruneaux,√©pic√©,http://t.co/WnHrDxa3M4
Tue Mar 31 17:15:37 CEST 2015;chefocuisine;;Recette,#poulet,fa√ßon,#tajine,aux,abricots,secs,pruneaux,√©pic√©,http://t.co/kw8USnC52e
Tue Mar 31 13:29:03 CEST 2015;AmalNonProfit;Marrakech, Morocco;Love,our,chicken,and,olive,#tajine,Get,the,#recipe,here,http://t.co/J42vOaq3Un
Tue Mar 31 01:15:25 CEST 2015;chefocuisine;;Recette,#tajine,#mrouzia,l'#agneau,plat,#traditionnel,A√Ød,(Maroc,Pakistan,Tunisie),http://t.co/d7xWXZBiNU
Mon Mar 30 23:39:13 CEST 2015;Lee__Corn;FRANCE;Vall√©e,l'Ourika,Authenticit√©,#tajine,fonte,des,neiges,Pas,bi√®re,üòñüí¶,http://t.co/TLG9h1AXiK
Mon Mar 30 22:33:55 CEST 2015;Elinka_potins;;Histoire,contrer,les,578966,photos,sushi,qui,d√©filent,soir,ici,c'est,team,#Tajine,üòã‚Ä¶,https://t.co/7Yuvkj2VIE
Mon Mar 30 22:00:19 CEST 2015;TriposoFFM;;@cbsbrito,Next,Stop,#marrakech,#happy,#travel,#tajine,#like,Lufthansa,Business,Class,Lounge,Frankfurt,Airport,https://t.co/76wXZDwhGp
Mon Mar 30 20:43:46 CEST 2015;suessmery;Berlin;Stasera,#tajine,con,#falafel,#vedure,Tutta,colpa@di,üíú@ottolenghi,@OfficialMarokko,#marokko,#etnofood
Mon Mar 30 16:18:48 CEST 2015;Amberor;;Recette,#tajine,#mrouzia,l'#agneau,plat,#traditionnel,A√Ød,(Maroc,Pakistan,Tunisie),http://t.co/PguqUDSvht
Mon Mar 30 16:17:52 CEST 2015;erdemgurses;Istanbul;#Tajine,#fas,#Morocco,#seyyah,#seyahat,#gezi,#travel,#yoresel,#yemek,#ucuza,#gezmek,degisik,tat,arayanlara:),http://t.co/9qf1eSLi6i
Mon Mar 30 15:53:07 CEST 2015;erdemgurses;Istanbul;#fas,#Morocco,yoresel,yemegi,#Tajine,resimdeki,Bezelye,domates,nohut,kuzu,eti,haslaniyor.ustune‚Ä¶,https://t.co/Wwx7awFZeH
Mon Mar 30 12:28:15 CEST 2015;cbsbrito;Switzerland;Next,Stop,#marrakech,#happy,#travel,#tajine,#like,Lufthansa,Business,Class,Lounge,Frankfurt,Airport,https://t.co/76wXZDwhGp
Mon Mar 30 12:22:32 CEST 2015;cafe_kessabine;;#cafe,#cafekessabine,#cafeaulait,#restaurant,#Th√©,#Tajine,#ilovemorocco,#passtilla,#arabe,#Africa,#aperitif,http://t.co/bXOoRjbwFj
Mon Mar 30 12:22:31 CEST 2015;cafe_kessabine;;#cafe,#cafekessabine,#cafeaulait,#restaurant,#Th√©,#Tajine,#ilovemorocco,#passtilla,#arabe,#Africa‚Ä¶,https://t.co/GrevZlwiTC
Sun Mar 29 19:46:50 CEST 2015;culture_cherif;Maroc - France;@Carofoliz,vous,dit,une,#tajine,v√©g√©tarienne,pour,midi,http://t.co/fN0gqLUBtM,#vegan,#recette,http://t.co/NCioMvn7mU
Sun Mar 29 17:56:01 CEST 2015;Minouchkah;Paris;votre,avis,quel,legume,accueillir,#tajine,https://t.co/m9HvWhqBFc
Sun Mar 29 17:04:27 CEST 2015;nerjamap;Nerja, M√°laga, Spain;Hoy,toca,tajine,verduras,*.*,#tajine,#Vegetables,#Moroco,#Nerja,#Malaga,#Spain,#Nerja,http://t.co/3dsoSM9nk9
Sun Mar 29 16:32:56 CEST 2015;myculinarycv;Courdimanche - France;Tajine,agneau,grenade,radis,#tajine,#radis,#yummy,#miam,#homemade,https://t.co/VxwyQxgn0t
Sun Mar 29 15:42:17 CEST 2015;IslamBenn;;@TiboInShape,essaye,faire,cheatmeal,marocain,#couscous,#tajine,BOOOOOOM
Sun Mar 29 14:22:19 CEST 2015;boudoirdevesper;Lille;plaisir,dimanche,cuisiner,savoureux,plats,Avec,plein,soleil,dedans,#tajine,#instamiam,http://t.co/iZqhDUrlsf
Sun Mar 29 14:22:17 CEST 2015;boudoirdevesper;Lille;plaisir,dimanche,cuisiner,savoureux,plats,Avec,plein,soleil,dedans,#tajine‚Ä¶,https://t.co/6OIy6wEVPz
Sun Mar 29 14:09:28 CEST 2015;chefocuisine;;Recette,#poulet,fa√ßon,#tajine,aux,abricots,secs,pruneaux,√©pic√©,http://t.co/kw8USnC52e
Sun Mar 29 14:01:17 CEST 2015;Git_Scar_Destin;|@__Offiria 23‚ô•|;@Huadarjo,@Git_Scar_Destin,#tajine,aussi,nan,Pff,c'est,toujours,comme,les,filles,vous,terminez,jamais,que,vous,commencez
Sun Mar 29 14:00:43 CEST 2015;Huadarjo;@techniicolor_ is mine.;@Git_Scar_Destin,#tajine,aussi,nan,Pff,c'est,toujours,comme,les,filles,vous,terminez,jamais,que,vous,commencez
Sun Mar 29 13:42:36 CEST 2015;migedomingues;;@Odelices,D√©paysement,garanti,avec,#tajine,tout,simple,pr√©parer,#recette,#keftas,#oeufs,#agneau,http://t.co/paL15iAa5X,http://t.‚Ä¶
Sun Mar 29 13:00:24 CEST 2015;Odelices;92;D√©paysement,garanti,avec,#tajine,tout,simple,pr√©parer,#recette,#keftas,#oeufs,#agneau,http://t.co/paL15iAa5X,http://t.co/blFGN1nQA2
Sun Mar 29 11:03:17 CEST 2015;chefocuisine;;Recette,#poulet,fa√ßon,#tajine,aux,abricots,secs,pruneaux,√©pic√©,http://t.co/kw8USnC52e
Sun Mar 29 05:42:47 CEST 2015;Amberor;;Recette,#poulet,fa√ßon,#tajine,aux,abricots,secs,pruneaux,√©pic√©,http://t.co/lDE1aYWtjW
Sat Mar 28 23:31:01 CET 2015;GGourmandise;Boucherville, QC;D√©licieuses,#morue,#tajine,chez,Yassine,Tire,Bouchon,Bistro,Gourmand,Une,bonne,soir√©e,compagnie,nos,http://t.co/EsSIQ88IGU
Sat Mar 28 09:40:48 CET 2015;Amberor;;Recette,#poulet,fa√ßon,#tajine,aux,abricots,secs,pruneaux,√©pic√©,http://t.co/lDE1aYWtjW
Sat Mar 28 07:29:05 CET 2015;winniedarlyne;kota damansara;Thanks,kak,@bellagochi,sebab,belanja,malam,tadi,had,much,fun,#edbufday,#tajine,https://t.co/HEOrMtFE9v
Sat Mar 28 04:12:26 CET 2015;chefocuisine;;Recette,#tajine,#mrouzia,l'#agneau,plat,#traditionnel,A√Ød,(Maroc,Pakistan,Tunisie),http://t.co/d7xWXZBiNU
Fri Mar 27 19:49:44 CET 2015;macuisineorient;;#Tajine,#agneau,aux,petits,pois,aux,fonds,d'artichauts,#Recettes,#Maroc,http://t.co/6ByxXpIws2,http://t.co/st9omk4y57
Fri Mar 27 18:51:55 CET 2015;MyTravelLuck;Hamburg, Germany;noura_baba,Beautiful,Mini,Tajine,#morocco,#travel,#fairtrade,#kickstarter,#supportourkickstarter,#comingsoon,#beready,#tajine
Fri Mar 27 18:51:18 CET 2015;noura_baba;Gran Canaria, Canary Islands;Beautiful,Mini,Tajine,#morocco,#travel,#fairtrade,#kickstarter,#supportourkickstarter,#comingsoon,#beready,#tajine,http://t.co/Z66xqcDRVA
Fri Mar 27 18:45:10 CET 2015;mossymaze;;@CobagaArtisan,Beautiful,Mini,Tajine,#morocco,#travel,#fairtrade,#kickstarter,#supportourkickstarter,#comingsoon,#beready,#tajine,http:‚Ä¶
Fri Mar 27 18:18:20 CET 2015;Amberor;;Recette,#tajine,#mrouzia,l'#agneau,plat,#traditionnel,A√Ød,(Maroc,Pakistan,Tunisie),http://t.co/PguqUDSvht
Fri Mar 27 17:47:42 CET 2015;winniedarlyne;kota damansara;Your,the,best,Uncle,The,best,show,for,tonight,#tajine,second,Ali,baba,show,then,abg,ewalaf2014,https://t.co/f5nbJLAyiC
Fri Mar 27 17:23:50 CET 2015;lauraroby;;@shannon_dcm,Samedi,soir,j'vois,bby,@lauraroby,son,fr√®re,@XxjabeZ999xX,aussi,@Audreynxn,Cl√©mence,Antoine,üíòüéÄ,#Tajine,#Lov‚Ä¶
Fri Mar 27 17:22:07 CET 2015;shannon_dcm;;Samedi,soir,j'vois,bby,@lauraroby,son,fr√®re,@XxjabeZ999xX,aussi,@Audreynxn,Cl√©mence,Antoine,üíòüéÄ,#Tajine,#Love,#AmisSur
Fri Mar 27 16:25:59 CET 2015;winniedarlyne;kota damansara;With,@wak_doyok,tonight,#tajine,https://t.co/rT5EVGNNmq
Sun Mar 29 15:08:17 CEST 2015;GolemkaLenka;;Find,real,estate,for,#rent,near,#Jallieu,#France,#Maubec,http://t.co/NPoyxS2WaZ
Fri Apr 03 00:04:42 CEST 2015;Audryartist;Venezuela;aveces,artista,solo,pinta,sino,que,hasta,teatraliza,#lsv,#se√±as,#interpretaci√≥n,https://t.co/secGvlUFki
Thu Apr 02 08:29:16 CEST 2015;juanesgabriel;Santa Cruz - Bolivia;2do,d√≠a,curso,#Se√±as,#LSB,#Se√±asLaGuardia,#SC,#Bolivia,#JW,#JehovahsWitnesses,#jwbolivia,üëåüëçüëçüëçüí™,https://t.co/fUPB4ZOKf6
Thu Apr 02 03:07:56 CEST 2015;MundoMCBO;Maracaibo;#MundoMCBO,V√≠a,BENITOGONZALEZ,Los,Pasos,d√≠a,las,#se√±as,Santa,Iglesia,Catedral,Maracaibo,http://t.co/IJ4KWL9ZX6
Thu Apr 02 03:03:07 CEST 2015;BENITOGONZALEZ;Maracaibo edo. Zulia;Los,Pasos,d√≠a,las,#se√±as,Santa,Iglesia,Catedral,Maracaibo,http://t.co/CTnwbMEHRG
Thu Apr 02 03:00:52 CEST 2015;BENITOGONZALEZ;Maracaibo edo. Zulia;Los,pasos,hoy,las,#se√±as,Santa,Catedral,Maracaibo,http://t.co/5f08h1uSaO
Thu Apr 02 00:29:56 CEST 2015;MundoMCBO;Maracaibo;#MundoMCBO,V√≠a,BENITOGONZALEZ,Los,pasos,llegando,Ceremonia,las,#se√±as,Santa,Iglesia,Catedral,http://t.co/ddgbB141mZ
Thu Apr 02 00:28:35 CEST 2015;BENITOGONZALEZ;Maracaibo edo. Zulia;Los,pasos,llegando,Ceremonia,las,#se√±as,Santa,Iglesia,Catedral,Maracaibo,http://t.co/khtuqrKOPL
Wed Apr 01 20:49:24 CEST 2015;MariaEKenis;Saavedra-Bah√≠a Blanca;#ModoON----->,#Se√±as,#MiCara
Wed Apr 01 17:30:02 CEST 2015;Johnnyber2001;Bayam√≥n;**MEPS,Trivia**,Escoge,mejor,respuesta,bronquitis,sarampi√≥n,caspa,vertigo,#sordospr,#se√±as,http://t.co/ZTHBSVVdnT
Tue Mar 31 00:30:40 CEST 2015;grouptitan_;;Lenguaje,corporal,Cuidado,Tus,movimientos,delatan,http://t.co/N301Mvxovw,#Actos,#Refleja,#Mensaje,#Se√±as,#LenguajeCorporal
Mon Mar 30 21:04:49 CEST 2015;hotvideomx;;Padre,Haciendo,Se√±as,Para,Casamiento,Hija,http://t.co/bzOSeZFZkI,#video,#padre,#haciendo,#se√±as,#para,#casamiento,#hija,#m√©xico
Sat Mar 28 14:32:28 CET 2015;afterfmsanluis;San Luis, Argentina;Esta,#mujer,ense√±√≥,#lenguaje,#se√±as,#gato,#sordo,http://t.co/doEnTNDGiB
Fri Mar 27 23:30:02 CET 2015;Johnnyber2001;Bayam√≥n;**MEPS,Trivia**,Escoge,mejor,respuesta,Alabama,Florida,Manat√≠,Chicago,#sordos,#US,#se√±as,http://t.co/mlYD4N3kG7
Fri Mar 27 18:09:14 CET 2015;obagoacg;;@altoaragon,Toda,actividad,cultural,provincia,suplemento,#Se√±as,http://t.co/vFH5rJfiwM,http://t.co/7NLFNK5KUr
