Sun Apr 05 18:11:19 CEST 2015;Un_Breton;Au bout du monde / BZH / Fr ;petit,coucou,@titibreton,passant
Sun Apr 05 18:11:18 CEST 2015;Adilooou;Paris;@Mlle_Halisson,mddr,coucou,conna√Æt
Sun Apr 05 18:10:42 CEST 2015;JennoouLove;;@heartomlinsxn,@JennoouLove,coucou,üíïüíï
Sun Apr 05 18:10:40 CEST 2015;ChaaChaMahbool;;matt,mourad,son,bas,dcher,jleur,fai,coucou,mdrr
Sun Apr 05 18:09:52 CEST 2015;bambi_4keus;snap:bambi_4keus ;@postbadcutee,Des,heure,t√©l√©phone,des,petit,coucou,par,smsüíòüëå,http://t.co/wHB5WpS155
Sun Apr 05 18:09:46 CEST 2015;Xaveny;;Coucou,sp√©ciale,@Mlle_Mode,@Passionatlyfood,@EmmaTrll,@FabienLelion,@Laderkan,Joyeuse,P√¢ques,tous.Amicalement
Sun Apr 05 18:09:42 CEST 2015;1D_82;Quelque Part;@postbadcutee,Des,heure,t√©l√©phone,des,petit,coucou,par,smsüíòüëå,http://t.co/wHB5WpS155
Sun Apr 05 18:09:37 CEST 2015;EmmanuelleL9;Paris, France,Worldwide;@pierrecappelli,@EmmanuelleL9,Coucou,Emmanuelle,mistral,frais,ici,mais,17¬∞,Lol,pour,ton,correcteur,ortho,r√©v√©lation,üòÇüòÉ,Bis‚Ä¶
Sun Apr 05 18:09:25 CEST 2015;NessMgl;;@Maitre_Luxury,Moi,les,gars,qui,dise,Coucou,Hello,OMG,hihihi,vous,vois,comme,http://t.co/GGqUHbPpyC
Sun Apr 05 18:09:15 CEST 2015;GhazalNaderi;||15yo||bae||Cel||JB||;@Maitre_Luxury,Moi,les,gars,qui,dise,Coucou,Hello,OMG,hihihi,vous,vois,comme,http://t.co/GGqUHbPpyC
Sun Apr 05 18:08:45 CEST 2015;sebax2011YT;;Coucou,@Polymanga,http://t.co/YseAkVwkQg
Sun Apr 05 18:08:29 CEST 2015;Theee00;;@MeganeMZT,@Theee00,coucou,t√©t√©
Sun Apr 05 18:08:28 CEST 2015;Safaabdelkhaleq;;@Maitre_Luxury,Moi,les,gars,qui,dise,Coucou,Hello,OMG,hihihi,vous,vois,comme,http://t.co/GGqUHbPpyC
Sun Apr 05 18:08:20 CEST 2015;merve_ice;;@Maitre_Luxury,Moi,les,gars,qui,dise,Coucou,Hello,OMG,hihihi,vous,vois,comme,http://t.co/GGqUHbPpyC
Sun Apr 05 18:08:13 CEST 2015;Lucie88100;;Lylie08,ESSAI,B√âB√â,Bjr,ano,svp,Coucou,les,filles,voil√†,date,derni√®re,r√®gles,mars,depuis,http://t.co/ipxw1Fz0O1
Sun Apr 05 18:08:09 CEST 2015;AmanteLilli;Sud de la France;@RiquetEric,Coucou,mon,Lapinou,Oui,c'est,journ√©e,des,lapins,partout,eux,des,petits,poissons,C√¢linouxXx,BisouxXx
Sun Apr 05 18:08:07 CEST 2015;TwiggySayula;;@xpayetonipad,Coucou,Jade,vas,bien
Sun Apr 05 18:08:02 CEST 2015;TheoHerrier;CAEN;Coucou,@AphonseZouc,@JulienAlphonse,http://t.co/a2NpnRi3ey
Sun Apr 05 18:07:44 CEST 2015;biabiole;;@elshmorkinou,Coucou,les,coquines,que,voulez,vous,faire,http://t.co/ZBOaAFDCw0
Sun Apr 05 18:07:44 CEST 2015;rimonza1;;@QueenOfDaGame,@JujuAymelia,@daben59,coucou,les,filles,mia
Sun Apr 05 18:07:41 CEST 2015;mcraffermi;;@netchys,Coucou,@JCDecauxGlobal,d√©solidarises-tu,christianophobie,Metrobus,@Velib
Sun Apr 05 18:07:38 CEST 2015;WatsonAddict_;Hogwarts;@iWezzy__,Pote,y'a,meuf,que,kiffes,gro,Moi,j'fais,quoi,Pote,fais-lui,coucou,mode,Moi,http://t.co/ixJFMVv3xt
Sun Apr 05 18:07:32 CEST 2015;GiovanniEnFolie;Chartres Eur-et-loire;@Clara_SnL,Coucou,j'ai,une,question,joue,sniper,sur,Black,Ops
Sun Apr 05 18:07:16 CEST 2015;OMissud;;@nicolasduperey,@micheledelaunay,coucou,Mich√®le,vla,tweet,d'un,tes,amis,bah,l'a,signal√©,sur,pharos,https://t.co/x6yJdBQYHy
Sun Apr 05 18:07:09 CEST 2015;JeanneVzr;France;@alainjuppe,Coucou,c'est,moi,http://t.co/Fyvfenb4Wq
Sun Apr 05 18:06:55 CEST 2015;LouisedesPlaces;;@AlzheimerGuy,Coucou,tout,monde,Depuis,temps,qu‚Äôon,m‚Äôen,parle,suis,enfin,inscrit,sur,Twitter
Sun Apr 05 18:06:48 CEST 2015;marieloute;;@Maitre_Luxury,Moi,les,gars,qui,dise,Coucou,Hello,OMG,hihihi,vous,vois,comme,http://t.co/GGqUHbPpyC
Sun Apr 05 18:06:42 CEST 2015;Cindy_Sdl;Femmes Fatales Academy ;@postbadcutee,Des,heure,t√©l√©phone,des,petit,coucou,par,smsüíòüëå,http://t.co/wHB5WpS155
Sun Apr 05 18:06:41 CEST 2015;chanezguechi;;@AnaBrownBaby,Coucou,qui,supp,mon,num,j'ai,perdu,tous,mes,contacts,UnePhraseQueToutLeMondeDit
Sun Apr 05 18:06:41 CEST 2015;O_R_L_;Lyon (69);@OL,@PSG_inside,Coucou,arrive
Sun Apr 05 18:06:37 CEST 2015;vieuxbouc_;Toulouse/ Ile De La R√©union.;Beaucoup,morts,d√®s,2√®me,tour....coucou,tactique,pourrie
Sun Apr 05 18:06:25 CEST 2015;_moonoff;;@OL,@PSG_inside,Coucou,arrive
Sun Apr 05 18:06:23 CEST 2015;StylinsonVines;3/5 Janos | 2/4 UJ | 2/6 Cim;@LucieWatelet,@StylinsonVines,Coucou,voulais,merci,pour,tout,que,fais,pour,nous,c'est,tellement,√©normes,r√©alise,nos‚Ä¶
Sun Apr 05 18:06:19 CEST 2015;Nantes_A_Loz;Nantes ‚Ä¢ Loz ‚Ä¢ Morges ‚Ä¢ Neuch;Coucou,https://t.co/UGG1HAq3ij
Sun Apr 05 18:06:10 CEST 2015;camille_Vanish;;@Samirement,VOIL√Ä,J'AIMERAIS,FAIRE,COUCOU,TOUT,MES,FOLLOWERS,PASSEZ,TEMPS,AVEC,EUX,FAIRE,NOUVELLES,RENCONTRES,C'EST,COOL‚Ä¶
Sun Apr 05 18:06:09 CEST 2015;camille_Vanish;;@Samirement,HIER,J'AI,FAIT,PETIT,COUCOU,UNE,ABONN√âE,J'AI,TELLEMENT,AIMER,PASSER,TEMPS,AVEC,ELLE,QUE,VAIS,REVOIR,AUJOUR‚Ä¶
Sun Apr 05 18:06:09 CEST 2015;MzelleEmeline;Douchy-les-Mines / France;@tiffany59v,Coucou,cousine
Sun Apr 05 18:06:08 CEST 2015;imuhan_rs;Paris, France. ‚ñ≥‚óØ‚úï‚ñ¢;@NamikooHyperia,@sOAZIZGOOD,aimerait,bien,voir,sur,stream,@HyperiaGamingFR,moyen,que,passes,nous,faire,coucou
Sun Apr 05 18:05:57 CEST 2015;patricial1star;;@noleke1,@GilamaH,coucou,trop,bon,z'ont,tout,mang√©.....;)
Sun Apr 05 18:05:53 CEST 2015;Lacrim_anthony;Amsterdam;@iWezzy__,Pote,y'a,meuf,que,kiffes,gro,Moi,j'fais,quoi,Pote,fais-lui,coucou,mode,Moi,http://t.co/ixJFMVv3xt
Sun Apr 05 18:05:52 CEST 2015;peacebrotha_;;@elshmorkinou,Coucou,les,coquines,que,voulez,vous,faire,http://t.co/ZBOaAFDCw0
Sun Apr 05 18:05:48 CEST 2015;AureleEmin;;@Maitre_Luxury,Moi,les,gars,qui,dise,Coucou,Hello,OMG,hihihi,vous,vois,comme,http://t.co/GGqUHbPpyC
Sun Apr 05 18:05:44 CEST 2015;Guillaume_Emrt;;@OL,@PSG_inside,Coucou,arrive
Sun Apr 05 18:05:39 CEST 2015;jgbreizh56;Morbihan, (Bretagne);@tatidaniel72,coucou,m'√©tonnes,L'air,mer,permet,bien,dormir,Profites,bien,Mont,Michel,c'est,super,beau
Sun Apr 05 18:05:36 CEST 2015;KevinLelouchTv;;@walidou92,coucou,@LoraTrip,@Lyna_Del
Sun Apr 05 18:05:22 CEST 2015;eli_onnaise;CM - la puissance polonaise ;@OL,@PSG_inside,Coucou,arrive
Sun Apr 05 18:05:16 CEST 2015;BotArmyWorld;Dans la matrice;@Ganeshdeux,Coucou,est,que,sais,quand,est,que,JM-LP,vas,rejouer
Sun Apr 05 18:05:11 CEST 2015;Era_222;;@Maitre_Luxury,Moi,les,gars,qui,dise,Coucou,Hello,OMG,hihihi,vous,vois,comme,http://t.co/GGqUHbPpyC
Sun Apr 05 18:05:04 CEST 2015;bhfcjj;;@AuroreD33813602,coucou
Sun Apr 05 18:05:00 CEST 2015;Chloe_rebiai;Calais,Fr.;@Maitre_Luxury,Moi,les,gars,qui,dise,Coucou,Hello,OMG,hihihi,vous,vois,comme,http://t.co/GGqUHbPpyC
Sun Apr 05 18:04:50 CEST 2015;sofianinux;paris ;‚Äú@elshmorkinou,Coucou,les,coquines,que,voulez,vous,faire,http://t.co/pa6uOg9iZ0‚Äù,pomp,traction
Sun Apr 05 18:04:48 CEST 2015;LucieWatelet;Bruxelles - Belgique;@StylinsonVines,Coucou,voulais,merci,pour,tout,que,fais,pour,nous,c'est,tellement,√©normes,r√©alise,nos,r√™ve,c'est,woaw
Sun Apr 05 18:04:43 CEST 2015;Camille_Lecstel;;@iWezzy__,Pote,y'a,meuf,que,kiffes,gro,Moi,j'fais,quoi,Pote,fais-lui,coucou,mode,Moi,http://t.co/ixJFMVv3xt
Sun Apr 05 18:04:42 CEST 2015;FarrowA_Rpg;http://rpg-rohans-avengers.sky;@Skye_RPG,Anna,c'est,une,pute,fait,coucouüëã
Sun Apr 05 18:04:40 CEST 2015;NamikooHyperia;Toulouse;@sOAZIZGOOD,aimerait,bien,voir,sur,stream,@HyperiaGamingFR,moyen,que,passes,nous,faire,coucou
Sun Apr 05 18:04:38 CEST 2015;panties4444;;@AmanteLilli,Coucou,les,CoquinouX,Comment,bien,Ici,Paradis,grasse,mat,soleil,pas,vent,jours,BisouxXx,üòòüíã,http‚Ä¶
Sun Apr 05 18:04:35 CEST 2015;ALBOURAX;Tokyo & Lyon „ÉÑ Ok.. Cergy :/;@OL,@PSG_inside,Coucou,arrive
Sun Apr 05 18:04:30 CEST 2015;Zouis_Kilamson;;@Maitre_Luxury,Moi,les,gars,qui,dise,Coucou,Hello,OMG,hihihi,vous,vois,comme,http://t.co/GGqUHbPpyC
Sun Apr 05 18:04:29 CEST 2015;masten_b;PARIS XIX;@elshmorkinou,Coucou,les,coquines,que,voulez,vous,faire,http://t.co/ZBOaAFDCw0
Sun Apr 05 18:04:22 CEST 2015;Est_elo;France;COUCOU,LES,GENS,JSUIS,RENTREE
Sun Apr 05 18:04:18 CEST 2015;MeganeMZT;;@Theee00,coucou,t√©t√©
Sun Apr 05 18:04:18 CEST 2015;toto_sasishu;;@clomimine,@TuTulsa,@Jung26517696,@Aristot1500,@mijeane4,@Sylv33,@masha,@serenel14278447,@Domi52778,@Gerilynn35,üå∏Coucou,Clo,Mon,Amieüå±A,Tous‚ô•
Sun Apr 05 18:04:07 CEST 2015;lxlaa_;|ggp|;@Maitre_Luxury,Moi,les,gars,qui,dise,Coucou,Hello,OMG,hihihi,vous,vois,comme,http://t.co/GGqUHbPpyC
Sun Apr 05 18:04:05 CEST 2015;Craboline;Besan√ßon;@Eizl,coucou
Sun Apr 05 18:04:04 CEST 2015;damsnowak;Annemasse/Paris;@alainjuppe,Coucou,c'est,moi,http://t.co/Fyvfenb4Wq
Sun Apr 05 18:03:57 CEST 2015;AuroreD33813602;france;Coucou,mes,chouchous
Sun Apr 05 18:03:49 CEST 2015;frranciscalol;;@_morgane_____,coucou
Sun Apr 05 18:03:45 CEST 2015;clomimine;;@TuTulsa,@Jung26517696,@Aristot1500,@mijeane4,@Sylv33,@toto_sasishu,@masha,@serenel14278447,@Domi52778,@Gerilynn35,coucou,tutu,merci,bel,jou
Sun Apr 05 18:03:42 CEST 2015;MoonwalkerMiss;;Coucou,tous,monde
Sun Apr 05 18:03:38 CEST 2015;life_is_COUCOU;;@SchmidlinVaness,Mdrr,jpp,mes,cousins,ces,des,cas,desep√©rer
Sun Apr 05 18:03:29 CEST 2015;Hyliamow;;@iWezzy__,Pote,y'a,meuf,que,kiffes,gro,Moi,j'fais,quoi,Pote,fais-lui,coucou,mode,Moi,http://t.co/ixJFMVv3xt
Sun Apr 05 18:03:26 CEST 2015;ex_redoublant;;@Marion_Frc,coucou,j'en,fais,partie,r'voir
Sun Apr 05 18:03:22 CEST 2015;karinebelle1;;@JRevenu,Coucou,Jean,Luc‚ô•Bon,weekend,P√¢ques‚ô•,Bisous,mon,ami‚ô•
Sun Apr 05 18:03:10 CEST 2015;MeganeMZT;;@Theee00,Coucou,toi,@MeganeMZT
Sun Apr 05 18:02:39 CEST 2015;audinelle1;;coucou,personne,pour,r√©pondre,demande,j'ai,besoin,d'aide,pour,rendre,hommage,soir,avant,coup,d'envoi,match,ami,dcd
Sun Apr 05 18:02:39 CEST 2015;ChinoisInParis;Universite Paris Sud;@iWezzy__,Pote,y'a,meuf,que,kiffes,gro,Moi,j'fais,quoi,Pote,fais-lui,coucou,mode,Moi,http://t.co/ixJFMVv3xt
Sun Apr 05 18:02:39 CEST 2015;clemenceofficia;;Coucou,melie
Sun Apr 05 18:02:34 CEST 2015;MelissaVersace;;Des,heures,telephone,des,ptis,coucou,par,sms,üéß‚ù§Ô∏è
Sun Apr 05 18:02:07 CEST 2015;Chloe_djd;;@Maitre_Luxury,Moi,les,gars,qui,dise,Coucou,Hello,OMG,hihihi,vous,vois,comme,http://t.co/GGqUHbPpyC
Sun Apr 05 18:02:04 CEST 2015;MyAngelStoessel;Samuka me sigue ‚ù§ 1RT de Cande;@DiosaLodoFR,Coucou,Ana√Øs
Sun Apr 05 18:02:02 CEST 2015;Marine_niere;;@Maitre_Luxury,Moi,les,gars,qui,dise,Coucou,Hello,OMG,hihihi,vous,vois,comme,http://t.co/GGqUHbPpyC
Sun Apr 05 18:01:55 CEST 2015;everythiiiingg;;@Boo_Myx,Coucou,t'as,l'air,super,sympa,Follow,back
Sun Apr 05 18:01:54 CEST 2015;kestuchabe28;Lyonnaise;coucou,vouss,allez,bien
Sun Apr 05 18:01:52 CEST 2015;cocolechoco;Paris (4√®me arrondissement);@iWezzy__,Pote,y'a,meuf,que,kiffes,gro,Moi,j'fais,quoi,Pote,fais-lui,coucou,mode,Moi,http://t.co/ixJFMVv3xt
Sun Apr 05 18:01:38 CEST 2015;Hzlnl2010;;@1DDailyFrance,Coucou,C'√©tait,pour,savoir,pouvait,toujours,participez,concours,pour,gagner,SOLO,avec,Harry
Sun Apr 05 18:01:30 CEST 2015;t8opyu781;Êù±‰∫¨(Tokyo);ÈÄÄÂéª„Åô„Çã„ÅäÈÉ®Â±ã„ÅÆÁ¥π‰ªãÊäïÁ®ø„Åß,„Ç≠„É£„ÉÉ„Ç∑„É•„Éê„ÉÉ„ÇØ,„ÅÆ„ÉÅ„É£„É≥„ÇπÔºÅ#‰Ωè„ÅøÊõø„Åà,Âºï„Å£Ë∂ä„Åó,ÊÉÖÂ†±„ÇÇ„ÅÇ„Çä„Åæ„Åô„ÄÇ,http://t.co/gD5wVsprNh
Sun Apr 05 18:01:23 CEST 2015;manoncharles;Paris ‚Äî France;cousine,coucou,viens,bapt√™me,Moi,quel,bapt√™me,suis,pas,invit√©e,cousine,b√©b√©,machine,Moi,elle,b√©b√©
Sun Apr 05 18:01:21 CEST 2015;thesenpaai;;@eackn,Puis,s'est,√©loign√©es,lui,fait,des,coucou,loin,apr√®s,nous,dit,rapprocher,nous,faisait,gestes
Sun Apr 05 18:01:18 CEST 2015;RomainUghettoFC;;@adeTWcrewanis,coucou
Sun Apr 05 18:00:55 CEST 2015;Soumaiiii;;@Maitre_Luxury,Moi,les,gars,qui,dise,Coucou,Hello,OMG,hihihi,vous,vois,comme,http://t.co/GGqUHbPpyC
Sun Apr 05 18:00:55 CEST 2015;LizaQdr;;@Maitre_Luxury,Moi,les,gars,qui,dise,Coucou,Hello,OMG,hihihi,vous,vois,comme,http://t.co/GGqUHbPpyC
Sun Apr 05 18:00:53 CEST 2015;IchigoCosplay;;Coucou,les,petits,lapinous,p√¢ques,Encore,peu,circuspunk,Promis,c'est,derni√®re,Plein,des,http://t.co/44mhdr7eN0
Sun Apr 05 18:00:42 CEST 2015;_Coriet_;;@Oss117Baby_,Ils,disent,qu'ils,veulent,truc,piment√©,manger,leur,pr√©pare,une,sauce,aux,√©pices,ils,crient,feu,mdrrr,non,mai‚Ä¶
Sun Apr 05 18:00:40 CEST 2015;DiosaLodoFR;;@MyAngelStoessel,Coucou,t'apelle,comment
Sun Apr 05 18:00:37 CEST 2015;ElusiveMickey;Disneyland Paris;@TheEspirito,coucou,poisse,jusqu'au,bout,m√™me,avec,Cher,triche,plus
Sun Apr 05 18:00:35 CEST 2015;MoonstRizor;;@allolasociete,*coucou,main*
Sun Apr 05 18:00:34 CEST 2015;mirialle01;;@Carolinement_,@louuuuuane,Coucou,Louane,pens√©,toi,repas,famille,aujourd'hui,Bon,dimanche,adore!!!!!!!!üòò,http://‚Ä¶
Sun Apr 05 18:00:33 CEST 2015;semtigrou;;@iWezzy__,Pote,y'a,meuf,que,kiffes,gro,Moi,j'fais,quoi,Pote,fais-lui,coucou,mode,Moi,http://t.co/ixJFMVv3xt
Sun Apr 05 18:00:24 CEST 2015;JustneedExca;Mustafar;@Raytreau,Coucou,@JustneedExca,c'est,juste,pour,dire,que,fais,piano,avec,mes,pieds,salut
Sun Apr 05 18:00:17 CEST 2015;Arianartistique;strasbourg/aix en pce;@Fly_lechien,coucou
Sun Apr 05 18:00:15 CEST 2015;Raytreau;Miami, Florida;Coucou,@JustneedExca,c'est,juste,pour,dire,que,fais,piano,avec,mes,pieds,salut
Sun Apr 05 18:00:13 CEST 2015;claire_pokopops;epinay sur seine;@EloveMatt,coucou,dis,moi,c'est,commencer,pas,encore,sur,tf1
Sun Apr 05 18:00:08 CEST 2015;Sarah_coucou;singer ‚àû;üòäüëë,http://t.co/4tjqUyC3PS
Sun Apr 05 17:59:55 CEST 2015;AndriambeloA;;@sramarijaona1,@AriaSoahanta,coucou
Sun Apr 05 17:59:23 CEST 2015;tiavnah3;;nathishyru,coucou,suis
Sun Apr 05 17:59:22 CEST 2015;MenIsBack;;@Maitre_Luxury,Moi,les,gars,qui,dise,Coucou,Hello,OMG,hihihi,vous,vois,comme,http://t.co/GGqUHbPpyC
Sun Apr 05 17:59:20 CEST 2015;dblaise7;Normand;@Josiecomedienne,Coucou,belle,Taureau,toujours,d√©placement,Martinique,t'es,revenue,Tes,derni√®res,photos,sont,sublimes
Sun Apr 05 17:59:15 CEST 2015;QuentinQuid;Le Mans ;@iWezzy__,Pote,y'a,meuf,que,kiffes,gro,Moi,j'fais,quoi,Pote,fais-lui,coucou,mode,Moi,http://t.co/ixJFMVv3xt
Sun Apr 05 17:59:09 CEST 2015;SongForJedi;Lyon / Aix / Toulon;@RedVoltaire_,coucou
Sun Apr 05 17:59:04 CEST 2015;gcraftable;France | 16 ans | Lyc√©en;@ZeKylden,2h30,skype,avec,@gcraftable,2h30,fou,rire,puis,oublie,pas,faire,coucou,Gilbert,Montagn√©,non,oublie
Sun Apr 05 17:58:56 CEST 2015;95Floflo18;Aisne, Picardie;@YoungFellahNBA,Les,fans,des,Wildcats,sont,pas,des,mauvais,perdants,coucou,l'Oeil,NBA,apr√®s,d√©faite,face,Wisconsin
Sun Apr 05 17:58:52 CEST 2015;ZeKylden;{ Mari√© √† Rapha√´l.L };2h30,skype,avec,@gcraftable,2h30,fou,rire,puis,oublie,pas,faire,coucou,Gilbert,Montagn√©,non,oublie,verra,pas
Sun Apr 05 17:58:35 CEST 2015;Sif_k971;France;@Maitre_Luxury,Moi,les,gars,qui,dise,Coucou,Hello,OMG,hihihi,vous,vois,comme,http://t.co/GGqUHbPpyC
Sun Apr 05 17:58:07 CEST 2015;lafollebonbon;;petit,coucou,Bretagne‚ù§‚ù§,@LivioFanzouze,@claraski33,Locqu√©mo,http://t.co/yvEQu76S0q
Sun Apr 05 17:57:56 CEST 2015;breath3dream;;@Maitre_Luxury,Moi,les,gars,qui,dise,Coucou,Hello,OMG,hihihi,vous,vois,comme,http://t.co/GGqUHbPpyC
Sun Apr 05 17:57:45 CEST 2015;eackn;;Puis,s'est,√©loign√©es,lui,fait,des,coucou,loin,apr√®s,nous,dit,rapprocher,nous,faisait,gestes
Sun Apr 05 17:57:40 CEST 2015;martine_V87;Limoges-France;@Brindille_,@ChourRoberto,Coucou,les,Loulous,une,petite,visite,avec,des,bisous,magnifique,dimanche,üê•üê∞üíã,http://t.co/TRLcp4ySCX
Sun Apr 05 17:57:36 CEST 2015;Liamsosex;;@niallmydrug,Coucou,pourrai,avoir,solo,avec,Louis,Niall,stp
Sun Apr 05 17:57:24 CEST 2015;mayonayses;@bwuuh is bae;@JustneedExca,COUCOU,MES,DOUBLES,COMPTES,LOL,SDFAFDSGVDRGVGDFFGFTGGTERYTYIEYTEREIEJGKFGDFTJGFDAH
Sun Apr 05 17:57:23 CEST 2015;Sanahddi;paris: /;@elshmorkinou,Coucou,les,coquines,que,voulez,vous,faire,http://t.co/ZBOaAFDCw0
Sun Apr 05 17:57:17 CEST 2015;david_clm;;@iWezzy__,Pote,y'a,meuf,que,kiffes,gro,Moi,j'fais,quoi,Pote,fais-lui,coucou,mode,Moi,http://t.co/ixJFMVv3xt
Sun Apr 05 17:57:15 CEST 2015;nicobdt;Les Sables d'Olonne;@PierreGodonon,vieux,coucou,n'a,pas,effectu√©,moindre,mille,course,Vous,sortez,d'o√π,Vous,vous,√™tes,vraiment,renseign√©
Sun Apr 05 17:57:02 CEST 2015;gagate51;harryandlouis     ;@Suzy_Louis1d,romane,dit,coucou,gros,caca,pcq,elle,pas,t√©l√©phone,voil√†
Sun Apr 05 17:56:53 CEST 2015;coucoufilsdeput;;COUCOU,MES,DOUBLES,COMPTES,LOL,SDFAFDSGVDRGVGDFFGFTGGTERYTYIEYTEREIEJGKFGDFTJGFDAH
Sun Apr 05 17:56:52 CEST 2015;CestComme;;COUCOU,MES,DOUBLES,COMPTES,LOL,SDFAFDSGVDRGVGDFFGFTGGTERYTYIEYTEREIEJGKFGDFTJGFDAH
Sun Apr 05 17:56:52 CEST 2015;Azelsuce;;COUCOU,MES,DOUBLES,COMPTES,LOL,SDFAFDSGVDRGVGDFFGFTGGTERYTYIEYTEREIEJGKFGDFTJGFDAH
Sun Apr 05 17:56:52 CEST 2015;JeremieCohenx9;;COUCOU,MES,DOUBLES,COMPTES,LOL,SDFAFDSGVDRGVGDFFGFTGGTERYTYIEYTEREIEJGKFGDFTJGFDAH
Sun Apr 05 17:56:52 CEST 2015;Jaimelamoutarde;;COUCOU,MES,DOUBLES,COMPTES,LOL,SDFAFDSGVDRGVGDFFGFTGGTERYTYIEYTEREIEJGKFGDFTJGFDAH
Sun Apr 05 17:56:52 CEST 2015;RamolosYoloSwag;;COUCOU,MES,DOUBLES,COMPTES,LOL,SDFAFDSGVDRGVGDFFGFTGGTERYTYIEYTEREIEJGKFGDFTJGFDAH
Sun Apr 05 17:56:52 CEST 2015;PikachuilPleure;;COUCOU,MES,DOUBLES,COMPTES,LOL,SDFAFDSGVDRGVGDFFGFTGGTERYTYIEYTEREIEJGKFGDFTJGFDAH
Sun Apr 05 17:56:52 CEST 2015;MisterLomplac;;COUCOU,MES,DOUBLES,COMPTES,LOL,SDFAFDSGVDRGVGDFFGFTGGTERYTYIEYTEREIEJGKFGDFTJGFDAH
Sun Apr 05 17:56:52 CEST 2015;TeamJustNeed;;COUCOU,MES,DOUBLES,COMPTES,LOL,SDFAFDSGVDRGVGDFFGFTGGTERYTYIEYTEREIEJGKFGDFTJGFDAH
Sun Apr 05 17:56:52 CEST 2015;Roi_d_Hyrule;;COUCOU,MES,DOUBLES,COMPTES,LOL,SDFAFDSGVDRGVGDFFGFTGGTERYTYIEYTEREIEJGKFGDFTJGFDAH
Sun Apr 05 17:56:52 CEST 2015;JustneedExca;Mustafar;COUCOU,MES,DOUBLES,COMPTES,LOL,SDFAFDSGVDRGVGDFFGFTGGTERYTYIEYTEREIEJGKFGDFTJGFDAH
Sun Apr 05 17:56:51 CEST 2015;Oss117Baby_;Quelque part l√†-bas ;Ils,disent,qu'ils,veulent,truc,piment√©,manger,leur,pr√©pare,une,sauce,aux,√©pices,ils,crient,feu,mdrrr,non,mais,all√¥,coucou,üòÇüò≠
Sun Apr 05 17:56:51 CEST 2015;ManonBK;Cannes;@Maitre_Luxury,Moi,les,gars,qui,dise,Coucou,Hello,OMG,hihihi,vous,vois,comme,http://t.co/GGqUHbPpyC
Sun Apr 05 17:56:29 CEST 2015;nathishyru;City of Angels and Bonne Mire;coucou,suis
Sun Apr 05 17:56:03 CEST 2015;drugofhoranx_;;@DanaeBessin,coucou,pourrais,m'aider,s'il,plait,https://t.co/fbX9CWIFOm
Sun Apr 05 17:55:53 CEST 2015;BadSeiyan;Paris;@Maitre_Luxury,Moi,les,gars,qui,dise,Coucou,Hello,OMG,hihihi,vous,vois,comme,http://t.co/GGqUHbPpyC
Sun Apr 05 17:55:40 CEST 2015;RSaraah;;@iWezzy__,Pote,y'a,meuf,que,kiffes,gro,Moi,j'fais,quoi,Pote,fais-lui,coucou,mode,Moi,http://t.co/ixJFMVv3xt
Sun Apr 05 17:55:39 CEST 2015;Rdr__Nelly;;@iWezzy__,Pote,y'a,meuf,que,kiffes,gro,Moi,j'fais,quoi,Pote,fais-lui,coucou,mode,Moi,http://t.co/ixJFMVv3xt
Sun Apr 05 17:55:28 CEST 2015;SadikiM;;@iWezzy__,Pote,y'a,meuf,que,kiffes,gro,Moi,j'fais,quoi,Pote,fais-lui,coucou,mode,Moi,http://t.co/ixJFMVv3xt
Sun Apr 05 17:55:15 CEST 2015;Mcn_Amelie;;@Maitre_Luxury,Moi,les,gars,qui,dise,Coucou,Hello,OMG,hihihi,vous,vois,comme,http://t.co/GGqUHbPpyC
Sun Apr 05 17:55:14 CEST 2015;HereComesVi;Lyon, FRANCE;@iWezzy__,Pote,y'a,meuf,que,kiffes,gro,Moi,j'fais,quoi,Pote,fais-lui,coucou,mode,Moi,http://t.co/ixJFMVv3xt
Sun Apr 05 17:55:10 CEST 2015;hzwxy;;@Maitre_Luxury,Moi,les,gars,qui,dise,Coucou,Hello,OMG,hihihi,vous,vois,comme,http://t.co/GGqUHbPpyC
Sun Apr 05 17:54:56 CEST 2015;edinezzzz;;@Maitre_Luxury,Moi,les,gars,qui,dise,Coucou,Hello,OMG,hihihi,vous,vois,comme,http://t.co/GGqUHbPpyC
Sun Apr 05 17:54:51 CEST 2015;pierrecappelli;France (Perpignan) tr√®s mobile;@EmmanuelleL9,Coucou,Emmanuelle,mistral,frais,ici,mais,17¬∞,Lol,pour,ton,correcteur,ortho,r√©v√©lation,üòÇüòÉ,Bises,@SeverineLienard
Sun Apr 05 17:54:49 CEST 2015;BarsOceane;;@iWezzy__,Pote,y'a,meuf,que,kiffes,gro,Moi,j'fais,quoi,Pote,fais-lui,coucou,mode,Moi,http://t.co/ixJFMVv3xt
Sun Apr 05 17:54:42 CEST 2015;CarlaMrnh;Cerva, Ribeira de Pena.;@Maitre_Luxury,Moi,les,gars,qui,dise,Coucou,Hello,OMG,hihihi,vous,vois,comme,http://t.co/GGqUHbPpyC
Sun Apr 05 17:54:39 CEST 2015;MokraniLounes;;ptit,cousine,elle,est,skizo,elle,dis,j'ai,pere,noel,train,voler,m'a,fait,coucou
Sun Apr 05 17:54:27 CEST 2015;RPGSmith;;@SwannRpg,Coucou
Sun Apr 05 17:54:26 CEST 2015;sisi_coucou;;j'ai,plus,jambes,mdr
Sun Apr 05 17:54:25 CEST 2015;PuLse_Theory;;Y'as,ton,crush,gros,fais,quoi,groos,sais,pas,fais,lui,coucou,mode,http://t.co/Ezyqx0a4F1
Sun Apr 05 17:54:17 CEST 2015;sisi_coucou;;pano,√©norme,dinguerie
Sun Apr 05 17:54:09 CEST 2015;badganja;ig : jadebrks ;@iWezzy__,Pote,y'a,meuf,que,kiffes,gro,Moi,j'fais,quoi,Pote,fais-lui,coucou,mode,Moi,http://t.co/ixJFMVv3xt
Sun Apr 05 17:54:08 CEST 2015;Lelouuuuuup;;‚Äú@Maitre_Luxury,Moi,les,gars,qui,dise,Coucou,Hello,OMG,hihihi,vous,vois,comme,http://t.co/3pjuwRYtYs‚Äù,√©t√©,laid,parole
Sun Apr 05 17:53:56 CEST 2015;hugoleroux38;;@alainjuppe,Coucou,c'est,moi,http://t.co/Fyvfenb4Wq
Sun Apr 05 17:53:56 CEST 2015;nicolasportugai;Albufeira ;@Maitre_Luxury,Moi,les,gars,qui,dise,Coucou,Hello,OMG,hihihi,vous,vois,comme,http://t.co/GGqUHbPpyC
Sun Apr 05 17:53:52 CEST 2015;BelleNaturelleS;London;coucou,les,filles,venez,jetez,coup,d‚Äô≈ìil,sur,page,vous,trouverez,des,astuces,des,recettes,sur,http://t.co/TsJFa15z9D
Sun Apr 05 17:53:48 CEST 2015;evaaalou;;@iWezzy__,Pote,y'a,meuf,que,kiffes,gro,Moi,j'fais,quoi,Pote,fais-lui,coucou,mode,Moi,http://t.co/ixJFMVv3xt
Sun Apr 05 17:53:46 CEST 2015;MonsieurSoccer;Toulouse-Nice-Orlando-Boston;@ABallNeverLies,@TrashTalk_fr,Parfait,vais,donc,pouvoir,aller,faire,coucou,Josh,McRoberts
Sun Apr 05 17:53:45 CEST 2015;anna_painanna;;@Maitre_Luxury,Moi,les,gars,qui,dise,Coucou,Hello,OMG,hihihi,vous,vois,comme,http://t.co/GGqUHbPpyC
Sun Apr 05 17:53:40 CEST 2015;juliettedob;;@Maitre_Luxury,Moi,les,gars,qui,dise,Coucou,Hello,OMG,hihihi,vous,vois,comme,http://t.co/GGqUHbPpyC
Sun Apr 05 17:53:26 CEST 2015;AdrienDerouault;;@iWezzy__,Pote,y'a,meuf,que,kiffes,gro,Moi,j'fais,quoi,Pote,fais-lui,coucou,mode,Moi,http://t.co/ixJFMVv3xt
Sun Apr 05 17:53:25 CEST 2015;nfcsk;lilou ‚Ä¢ oc√© || lyon 18:36;@_toxxm,@koyrace,coucou
Sun Apr 05 17:53:24 CEST 2015;cloezjm;strasbourg/beacon hills;@Samirement,HIER,J'AI,FAIT,PETIT,COUCOU,UNE,ABONN√âE,J'AI,TELLEMENT,AIMER,PASSER,TEMPS,AVEC,ELLE,QUE,VAIS,REVOIR,AUJOUR‚Ä¶
Sun Apr 05 17:53:21 CEST 2015;cloezjm;strasbourg/beacon hills;@Samirement,VOIL√Ä,J'AIMERAIS,FAIRE,COUCOU,TOUT,MES,FOLLOWERS,PASSEZ,TEMPS,AVEC,EUX,FAIRE,NOUVELLES,RENCONTRES,C'EST,COOL‚Ä¶
Sun Apr 05 17:52:48 CEST 2015;obrieninson; ;@silverodens,Coucou,@fhollande,pourrais,prendre,@wolfmorley,stage,l'Elysee,stp,elle,veut,devenir,pr√©sidente,faut,qu'elle,s'entr‚Ä¶
Sun Apr 05 17:52:41 CEST 2015;Chichikalayosh;;@Maitre_Luxury,Moi,les,gars,qui,dise,Coucou,Hello,OMG,hihihi,vous,vois,comme,http://t.co/GGqUHbPpyC
Sun Apr 05 17:52:27 CEST 2015;lamissdu14740;france;@MassetSm,coucou,bienvenue,sur,Twitter
Sun Apr 05 17:52:22 CEST 2015;lea_monny;;@Maitre_Luxury,Moi,les,gars,qui,dise,Coucou,Hello,OMG,hihihi,vous,vois,comme,http://t.co/3qDOXJ2pdI,mdrr,@evmrxt,regarde,üòÇüòÇ
Sun Apr 05 17:52:10 CEST 2015;LeyaahW;;@iWezzy__,Pote,y'a,meuf,que,kiffes,gro,Moi,j'fais,quoi,Pote,fais-lui,coucou,mode,Moi,http://t.co/ixJFMVv3xt
Sun Apr 05 17:52:02 CEST 2015;SchoolBab_B;Babtou-City / P.A.R.I.S;Coucou,c'est,jelila,vous,allez,bien
Sun Apr 05 17:51:56 CEST 2015;lea_monny;;@Maitre_Luxury,Moi,les,gars,qui,dise,Coucou,Hello,OMG,hihihi,vous,vois,comme,http://t.co/GGqUHbPpyC
Sun Apr 05 17:51:55 CEST 2015;BreardNb;;@Samirement,VOIL√Ä,J'AIMERAIS,FAIRE,COUCOU,TOUT,MES,FOLLOWERS,PASSEZ,TEMPS,AVEC,EUX,FAIRE,NOUVELLES,RENCONTRES,C'EST,COOL‚Ä¶
Sun Apr 05 17:51:52 CEST 2015;_NRenia;LA CAPITALE#;@Maitre_Luxury,Moi,les,gars,qui,dise,Coucou,Hello,OMG,hihihi,vous,vois,comme,http://t.co/GGqUHbPpyC
Sun Apr 05 17:51:51 CEST 2015;Dumi_C;Paris;@Maitre_Luxury,Moi,les,gars,qui,dise,Coucou,Hello,OMG,hihihi,vous,vois,comme,http://t.co/GGqUHbPpyC
Sun Apr 05 17:51:51 CEST 2015;EnzDlc;;@chicadel_sol,coucou,http://t.co/0qDJjbSumB
Sun Apr 05 17:51:45 CEST 2015;SarahWa19;;J'ai,ador√©,@tonydiez95,qui,nous,fait,coucou,mdrr,@BiwaiOfficiel,avec,trottinette,s'est,bien,amus√©,üòÇüòÇ
Sun Apr 05 17:51:40 CEST 2015;EliseJugele78;;@Maitre_Luxury,Moi,les,gars,qui,dise,Coucou,Hello,OMG,hihihi,vous,vois,comme,http://t.co/GGqUHbPpyC
Sun Apr 05 17:51:30 CEST 2015;Coik;Paris, Argel√®s-Gazost - France;Sinon,Enzo,manque,clairement,dimanche,Toujours,bonne,solution,passe,face,pressing,Coucou,aux,mecs,qui,critiquent,sans,voir
Sun Apr 05 17:51:23 CEST 2015;Liamsosex;;@hurel_marine,Coucou,pourrai,avoir,solo,avec,Louis,stp
Sun Apr 05 17:51:02 CEST 2015;bb_camiilla;;@Maitre_Luxury,Moi,les,gars,qui,dise,Coucou,Hello,OMG,hihihi,vous,vois,comme,http://t.co/GGqUHbPpyC
Sun Apr 05 17:51:00 CEST 2015;Melanie_rgl;;@Maitre_Luxury,Moi,les,gars,qui,dise,Coucou,Hello,OMG,hihihi,vous,vois,comme,http://t.co/GGqUHbPpyC
Sun Apr 05 17:50:56 CEST 2015;celia_nn;;Coucou,j'suis,naine,http://t.co/Y8RhC8ddkP
Sun Apr 05 17:50:50 CEST 2015;m_vanpeene;;Tout,l'heure,j'ai,des,moutons,ras√©s,J'ai,direct,pens√©,@kevadamsss,sais,pas,pourquoi,üòÇüëä,(coucou,@BigDavv
Sun Apr 05 17:50:46 CEST 2015;2888c33447374f4;;@TiiFF_R,coucou,poulette,comment,aujourd'hui
Sun Apr 05 17:50:44 CEST 2015;Ophe_Jypsie;;@iWezzy__,Pote,y'a,meuf,que,kiffes,gro,Moi,j'fais,quoi,Pote,fais-lui,coucou,mode,Moi,http://t.co/ixJFMVv3xt
Sun Apr 05 17:50:43 CEST 2015;o_muller939;charleville M√©zi√®res ;@aircaraibes,@Karujet971,Coucou,@Trace_Fm,@CRGuadeloupe,@FAGuadeloupe,@aircaraibes,@mediacaraibes,@NRJAntilles,http://t.co/VQnzo‚Ä¶
Sun Apr 05 17:50:41 CEST 2015;Foxie_Fern;;@Daxinette,@Miss_Noxxy,@Lisounette_,Coucou,http://t.co/mrfHtu8Cwx
Sun Apr 05 17:50:37 CEST 2015;VictorGllt;Dijon;@Maitre_Luxury,Moi,les,gars,qui,dise,Coucou,Hello,OMG,hihihi,vous,vois,comme,http://t.co/GGqUHbPpyC
Sun Apr 05 17:50:21 CEST 2015;elchaporules;;@Maitre_Luxury,Moi,les,gars,qui,dise,Coucou,Hello,OMG,hihihi,vous,vois,comme,http://t.co/GGqUHbPpyC
Sun Apr 05 17:50:05 CEST 2015;DanMeyer27;;@Maitre_Luxury,Moi,les,gars,qui,dise,Coucou,Hello,OMG,hihihi,vous,vois,comme,http://t.co/GGqUHbPpyC
Sun Apr 05 17:49:56 CEST 2015;BenjaminGrosFDp;;@froncefatbool,coucou,repasse,sur,mon,vrai,compte,qui,vient,faire,deban,@BenjaminFD
Sun Apr 05 17:49:46 CEST 2015;JulianeLaconi;ig: ju_lcn;@Maitre_Luxury,Moi,les,gars,qui,dise,Coucou,Hello,OMG,hihihi,vous,vois,comme,http://t.co/GGqUHbPpyC
Sun Apr 05 17:49:38 CEST 2015;TinyNeschan;;@iWezzy__,Pote,y'a,meuf,que,kiffes,gro,Moi,j'fais,quoi,Pote,fais-lui,coucou,mode,Moi,http://t.co/ixJFMVv3xt
Sun Apr 05 17:49:17 CEST 2015;EmanuelMarmet;;@alainjuppe,Coucou,c'est,moi,http://t.co/Fyvfenb4Wq
Sun Apr 05 17:49:11 CEST 2015;xilyzaynx;;@xmusicsky,@kenzadjrm,Coucou,peux,ajouter,twovirtualbf,sur,snap,please,sont,bft,elles,font,des,storys
Sun Apr 05 17:49:11 CEST 2015;xilyzaynx;;@xmusicsky,@skateofzouis,Coucou,peux,ajouter,twovirtualbf,sur,snap,please,sont,bft,elles,font,des,storys
Sun Apr 05 17:49:11 CEST 2015;xilyzaynx;;@Bad_SnapFr,Coucou,peux,ajouter,twovirtualbf,sur,snap,please,sont,bft,elles,font,des,storys,@xmusicsky,@skateofzouis‚Ä¶
